id,uuid,observed_on_string,observed_on,time_observed_at,time_zone,user_id,user_login,user_name,created_at,updated_at,quality_grade,license,url,image_url,sound_url,tag_list,description,num_identification_agreements,num_identification_disagreements,captive_cultivated,oauth_application_id,place_guess,latitude,longitude,positional_accuracy,private_place_guess,private_latitude,private_longitude,public_positional_accuracy,geoprivacy,taxon_geoprivacy,coordinates_obscured,positioning_method,positioning_device,species_guess,scientific_name,common_name,iconic_taxon_name,taxon_id,field:unique id
4384301,ad7637f6-99f6-47ef-a0e4-9da543e6b934,2013/12/09 8:56 PM EST,2013-12-09,2013-12-10 01:56:00 UTC,Eastern Time (US & Canada),167033,heatherpickard,Heather Pickard,2016-10-18 13:48:35 UTC,2020-03-27 01:10:45 UTC,research,CC-BY-NC,http://www.inaturalist.org/observations/4384301,https://inaturalist-open-data.s3.amazonaws.com/photos/5260747/medium.jpg,,"Birds, red, Florida, TRAVEL, Bradenton Dec 2013",,1,0,false,,"9800 17th Ave NW, Bradenton, FL 34209, USA",27.513546,-82.660024,93,,,,93,,open,false,,,Northern Cardinal,Cardinalis cardinalis,Northern Cardinal,Aves,9083,
17203507,67099815-9f38-478a-878d-74bed870905b,Thu Oct 04 2018 12:02:29 GMT-0400 (EDT),2018-10-04,2018-10-04 16:02:29 UTC,Eastern Time (US & Canada),851912,ktreffinger,Ken Treffinger,2018-10-05 01:12:23 UTC,2018-10-05 02:17:17 UTC,research,,https://www.inaturalist.org/observations/17203507,https://static.inaturalist.org/photos/26078607/medium.jpg,,"",,1,0,false,3,"1525 99th St NW, Bradenton, FL, US",27.5131458849,-82.6599720508,25,,,,25,,,false,,,Green Heron,Butorides virescens,Green Heron,Aves,5020,
17217419,f100e1fe-9686-4dce-9704-5e807246a7fe,Thu Oct 04 2018 12:11:35 GMT-0400 (EDT),2018-10-04,2018-10-04 16:11:35 UTC,Eastern Time (US & Canada),851912,ktreffinger,Ken Treffinger,2018-10-05 16:13:10 UTC,2026-06-18 04:10:27 UTC,research,,https://www.inaturalist.org/observations/17217419,https://static.inaturalist.org/photos/26104366/medium.jpg,,"",,1,0,false,3,"9800 17th Ave NW, Bradenton, FL, US",27.5138320617,-82.6595575094,43,,,,43,,,false,,,Long-tailed Skipper,Urbanus proteus,Long-tailed Skipper,Insecta,67435,PSBP-99954
17230792,7d4f0250-dfc7-486c-bf70-e0031653a4c5,Thu Oct 04 2018 12:26:32 GMT-0400 (EDT),2018-10-04,2018-10-04 16:26:32 UTC,Eastern Time (US & Canada),851912,ktreffinger,Ken Treffinger,2018-10-05 23:55:57 UTC,2018-10-06 00:33:39 UTC,research,,https://www.inaturalist.org/observations/17230792,https://static.inaturalist.org/photos/26128422/medium.jpg,,"",,1,0,false,3,"9800 17th Ave NW, Bradenton, FL, US",27.5140282666,-82.6601747637,45,,,,45,,,false,,,Eastern Amberwing,Perithemis tenera,Eastern Amberwing,Insecta,59776,
18657798,82c3834d-ece9-4cae-9e96-0127a5ae0a2f,2018/11/12 10:21 AM UTC,2018-11-12,,UTC,1007468,dontenphoto,Jim Donten - Donten Photography,2018-11-26 20:56:41 UTC,2023-03-01 16:22:27 UTC,research,,https://www.inaturalist.org/observations/18657798,https://static.inaturalist.org/photos/28561632/medium.jpeg,,"",,1,0,false,,"Manatee County, FL, USA",27.5135050226,-82.6598131657,8,,,,8,,open,false,,,Double-crested Cormorant,Nannopterum auritum,Double-crested Cormorant,Aves,1454382,
18657799,ab4c0273-aac6-4401-b352-492b183f1186,2018/11/12 10:22 AM UTC,2018-11-12,,UTC,1007468,dontenphoto,Jim Donten - Donten Photography,2018-11-26 20:56:41 UTC,2018-11-27 15:16:55 UTC,research,,https://www.inaturalist.org/observations/18657799,https://static.inaturalist.org/photos/28561638/medium.jpeg,,"",,1,0,false,,"Manatee County, FL, USA",27.5135050226,-82.6598131657,8,,,,8,,open,false,,,Brown Anole,Anolis sagrei,Brown Anole,Reptilia,116461,
18657801,1b08c983-4c05-4921-823d-120b984f0dca,2018/11/12 10:48 AM UTC,2018-11-12,,UTC,1007468,dontenphoto,Jim Donten - Donten Photography,2018-11-26 20:56:41 UTC,2018-12-07 23:28:56 UTC,research,,https://www.inaturalist.org/observations/18657801,https://static.inaturalist.org/photos/28561643/medium.jpeg,,"",,2,0,false,,"Manatee County, FL, USA",27.5135050226,-82.6598131657,8,,,,8,,,false,,,Green Heron,Butorides virescens,Green Heron,Aves,5020,
19674129,6ac68704-8e86-4df6-ba04-b22ea25a3c39,2016/07/07 12:34 PM EDT,2016-07-07,2016-07-07 16:34:00 UTC,Eastern Time (US & Canada),800658,mangoverde,William Hull,2019-01-16 14:05:18 UTC,2023-07-07 04:06:48 UTC,research,CC-BY-NC,https://www.inaturalist.org/observations/19674129,https://inaturalist-open-data.s3.amazonaws.com/photos/30302567/medium.jpeg,,"","",1,0,false,,"Manatee County, FL, USA",27.5135044,-82.6599266172,92,,,,92,,,false,,,Roseate Skimmer,Orthemis ferruginea,Roseate Skimmer,Insecta,68233,
19674130,b028dead-9cf5-4339-866c-ae3702ed445d,2016/07/07 12:51 PM EDT,2016-07-07,2016-07-07 16:51:00 UTC,Eastern Time (US & Canada),800658,mangoverde,William Hull,2019-01-16 14:05:18 UTC,2023-07-07 04:06:54 UTC,research,CC-BY-NC,https://www.inaturalist.org/observations/19674130,https://inaturalist-open-data.s3.amazonaws.com/photos/30302602/medium.jpeg,,"","",3,0,false,,"Manatee County, FL, USA",27.5135044,-82.6599266172,92,,,,92,,,false,,,Scarlet Skimmer,Crocothemis servilia,Scarlet Skimmer,Insecta,52055,
34220079,356d046d-e4be-4aa8-9e96-43c1cfc043ce,Fri Oct 11 2019 16:26:46 GMT-0400 (EDT),2019-10-11,2019-10-11 20:26:46 UTC,Eastern Time (US & Canada),1117480,natshaf,Natali Shafer,2019-10-11 21:08:53 UTC,2026-06-01 18:52:50 UTC,research,,https://www.inaturalist.org/observations/34220079,https://static.inaturalist.org/photos/53828293/medium.jpg,,"",,1,0,false,3,"17th Ave NW, Bradenton, FL, US",27.5138866667,-82.659095,5,,,,5,,open,false,,,Roseate Spoonbill,Platalea ajaja,Roseate Spoonbill,Aves,62529,
34220205,687445c2-db36-4be8-b943-b045a0751a9a,Fri Oct 11 2019 16:24:21 GMT-0400 (EDT),2019-10-11,2019-10-11 20:24:21 UTC,Eastern Time (US & Canada),1117480,natshaf,Natali Shafer,2019-10-11 21:12:16 UTC,2026-06-01 18:52:50 UTC,research,,https://www.inaturalist.org/observations/34220205,https://static.inaturalist.org/photos/53828505/medium.jpg,,"",,3,0,false,3,"17th Ave NW, Bradenton, FL, US",27.5140133333,-82.6597666667,5,,,,5,,,false,,,Florida Mangrove Skipper,Phocides batabano okeechobee,Florida Mangrove Skipper,Insecta,1607213,
39363390,197c5b54-8d0d-471d-b97a-109704250d45,Sun Jan 19 2020 14:14:23 GMT-0500 (EST),2020-01-19,2020-01-19 19:14:23 UTC,Eastern Time (US & Canada),111009,ladwings,Laurel Ladwig,2020-02-29 18:58:46 UTC,2023-07-07 17:44:10 UTC,needs_id,CC-BY-NC-SA,https://www.inaturalist.org/observations/39363390,https://inaturalist-open-data.s3.amazonaws.com/photos/62439721/medium.jpg,,"",,0,0,false,3,"99th St NW, Bradenton, FL, US",27.5135,-82.65972167,5,,,,29727,,open,false,,,,Pandion haliaetus,Osprey,Aves,116999,
55928965,a04b8abd-4fb4-4dec-bdab-cb4a36954767,2020-08-08 5:34:38 PM EDT,2020-08-08,2020-08-08 21:34:38 UTC,Eastern Time (US & Canada),2949464,baygirl01,Beverly,2020-08-09 16:37:40 UTC,2026-06-18 04:10:19 UTC,research,,https://www.inaturalist.org/observations/55928965,https://static.inaturalist.org/photos/89087973/medium.jpg,,"",Palma Sola Botanical Garden,1,0,false,2,"Bradenton, FL 34209, USA",27.5137166667,-82.6596972222,,,,,,,,false,gps,gps,Milkweed Assassin Bug,Zelus longipes,Milkweed Assassin Bug,Insecta,133826,PSBP-99957
69689744,59a301bc-791f-457f-9f9b-ee8e1e18602c,Tue Feb 16 2021 16:00:42 GMT-0500 (EST),2021-02-16,2021-02-16 21:00:42 UTC,Eastern Time (US & Canada),3773766,pammy63,Pammy63,2021-02-16 22:08:43 UTC,2026-06-18 04:09:54 UTC,research,CC-BY-NC,https://www.inaturalist.org/observations/69689744,https://inaturalist-open-data.s3.amazonaws.com/photos/113133264/medium.jpg,,"","",2,0,false,3,"17th Ave NW, Bradenton, FL, US",27.513705,-82.6595833333,4,,,,4,,open,false,,,Pied-billed Grebe,Podilymbus podiceps,Pied-billed Grebe,Aves,4246,PSBP-99966
69694485,fdd86589-d00d-49d4-9a51-a909e35b0b47,Tue Feb 16 2021 15:53:13 GMT-0500 (EST),2021-02-16,2021-02-16 20:53:13 UTC,Eastern Time (US & Canada),3773766,pammy63,Pammy63,2021-02-16 23:56:49 UTC,2024-11-30 03:27:06 UTC,research,CC-BY-NC,https://www.inaturalist.org/observations/69694485,https://inaturalist-open-data.s3.amazonaws.com/photos/113141750/medium.jpg,,"",Palma Sola Botanical Park ,2,0,false,3,"99th St NW, Bradenton, FL, US",27.5137529747,-82.6598546493,36,,,,36,,,false,,,Tropical Checkered-Skipper,Burnsius oileus,Tropical Checkered-Skipper,Insecta,1038409,
85279440,01bb1661-b259-4b83-9188-cb86d12a388d,Thu Jul 01 2021 17:39:34 GMT-0400 (EDT),2021-07-01,2021-07-01 21:39:34 UTC,Eastern Time (US & Canada),3627599,austincopley,Austin Copley,2021-07-01 23:58:40 UTC,2026-06-18 03:13:41 UTC,needs_id,,https://www.inaturalist.org/observations/85279440,https://static.inaturalist.org/photos/140286654/medium.jpg,,"","",3,0,false,3,"Bradenton, FL, US",27.5127366667,-82.6592633333,3,,,,3,,,false,,,Cotton Stainer Bugs,Dysdercus,Cotton Stainer Bugs,Insecta,180035,
85279646,6bbd15d0-59e0-4038-bcbe-b11d124e6d47,Thu Jul 01 2021 17:39:25 GMT-0400 (EDT),2021-07-01,2021-07-01 21:39:25 UTC,Eastern Time (US & Canada),3627599,austincopley,Austin Copley,2021-07-02 00:00:59 UTC,2021-07-05 15:47:15 UTC,research,,https://www.inaturalist.org/observations/85279646,https://static.inaturalist.org/photos/140287074/medium.jpg,,"","",3,0,false,3,"Bradenton, FL, US",27.5127416667,-82.6592716667,3,,,,3,,open,false,,,Great Blue Heron,Ardea herodias,Great Blue Heron,Aves,4956,
85280092,faea888c-0ed8-496f-91a9-fa1db0f3b9a0,Thu Jul 01 2021 17:25:25 GMT-0400 (EDT),2021-07-01,2021-07-01 21:25:25 UTC,Eastern Time (US & Canada),3627599,austincopley,Austin Copley,2021-07-02 00:04:54 UTC,2021-07-05 20:45:13 UTC,research,,https://www.inaturalist.org/observations/85280092,https://static.inaturalist.org/photos/140327167/medium.jpg,,"","",2,0,false,3,"17th Ave NW, Bradenton, FL, US",27.5135633333,-82.6592466667,3,,,,3,,open,false,,,Anhinga,Anhinga anhinga,Anhinga,Aves,5063,
102818769,52fc3f9b-4aa1-4b91-bad1-d2a1c6bf852c,Fri Dec 10 2021 10:41:23 GMT-0500 (EST),2021-12-10,2021-12-10 15:41:23 UTC,Eastern Time (US & Canada),3773766,pammy63,Pammy63,2021-12-10 15:42:42 UTC,2023-08-01 13:57:31 UTC,needs_id,CC-BY-NC,https://www.inaturalist.org/observations/102818769,https://inaturalist-open-data.s3.amazonaws.com/photos/171959847/medium.jpg,,"",Possible tachnid fly infestation on monarch chrysalis ,1,0,false,3,"16th Cir NW, Bradenton, FL, US",27.5138487473,-82.6590564923,4,,,,4,,,false,,,Tiger Milkweed Butterflies,Danaus,Tiger Milkweed Butterflies,Insecta,48663,
102819052,122c8ab7-553d-4753-a8ad-ff59b9cba004,Fri Dec 10 2021 10:46:30 GMT-0500 (EST),2021-12-10,2021-12-10 15:46:30 UTC,Eastern Time (US & Canada),3773766,pammy63,Pammy63,2021-12-10 15:48:08 UTC,2022-01-15 01:41:57 UTC,needs_id,CC-BY-NC,https://www.inaturalist.org/observations/102819052,https://inaturalist-open-data.s3.amazonaws.com/photos/171959937/medium.jpg,,"",Possibly insect eggs ,1,0,false,3,"17th Ave NW, Bradenton, FL, US",27.5138366808,-82.6590536444,8,,,,8,,,false,,,Green Lacewings,Chrysopidae,Green Lacewings,Insecta,52425,
105259593,0248704e-fab6-4b34-ae08-0f4e1f1dbc5a,Sun Dec 05 2021 08:41:00 GMT-0500 (EST),2021-12-05,2021-12-05 13:41:00 UTC,Eastern Time (US & Canada),5313993,delphpalma,,2022-01-20 12:40:05 UTC,2022-01-20 13:55:01 UTC,research,CC-BY-NC,https://www.inaturalist.org/observations/105259593,https://inaturalist-open-data.s3.amazonaws.com/photos/176570644/medium.jpg,,"","",1,0,false,3,"17th Ave NW, Bradenton, FL, US",27.513755,-82.6597283333,,,,,,,open,false,,,Eastern Gray Squirrel,Sciurus carolinensis,Eastern Gray Squirrel,Mammalia,46017,
105509221,df16cc29-43f0-4dbf-81b3-4afce873b2fd,Mon Jan 24 2022 13:09:19 GMT-0500 (EST),2022-01-24,2022-01-24 18:09:19 UTC,Eastern Time (US & Canada),4793165,forkristin,,2022-01-24 18:11:08 UTC,2022-01-26 14:25:49 UTC,research,CC-BY-NC,https://www.inaturalist.org/observations/105509221,https://inaturalist-open-data.s3.amazonaws.com/photos/177126630/medium.jpg,,"","",2,0,false,3,"17th Ave NW, Bradenton, FL, US",27.5137383333,-82.6594866667,4,,,,4,,open,false,,,Anhinga,Anhinga anhinga,Anhinga,Aves,5063,
114505792,2da5cae0-e129-4587-8509-29180b1d460c,2022-05-01 15:52:57-04:00,2022-05-01,2022-05-01 19:52:57 UTC,Eastern Time (US & Canada),3773766,pammy63,Pammy63,2022-05-02 01:39:58 UTC,2022-05-02 01:40:33 UTC,needs_id,CC-BY-NC,https://www.inaturalist.org/observations/114505792,https://inaturalist-open-data.s3.amazonaws.com/photos/193356492/medium.jpg,,"","",0,0,false,3,"16th Cir NW, Bradenton, FL, US",27.5137416667,-82.65915,5,,,,5,,,false,,,"",Uloborus,Feather-legged Spiders,Arachnida,121467,
120284704,dbf5fa57-679a-4aef-a0cb-370d72b9f6da,2016/11/03 3:55 PM,2016-11-03,2016-11-03 19:55:00 UTC,Eastern Time (US & Canada),159098,sandytrailslvr,sandytrailslvr,2022-06-05 05:41:11 UTC,2026-05-13 08:53:23 UTC,research,CC-BY-ND,https://www.inaturalist.org/observations/120284704,https://inaturalist-open-data.s3.amazonaws.com/photos/203426426/medium.jpeg,,"",,1,0,false,,"Manatee County, FL, USA",27.5130252246,-82.660109947,6,,,,6,,open,false,,,Pond Slider,Trachemys scripta,Pond Slider,Reptilia,39782,
121248814,e039d07f-0522-4a27-8a18-e90d3e50e147,2022-06-11 10:54:39-04:00,2022-06-11,2022-06-11 14:54:39 UTC,Eastern Time (US & Canada),1084846,kcross7,,2022-06-11 15:37:33 UTC,2024-11-30 12:39:53 UTC,research,,https://www.inaturalist.org/observations/121248814,https://static.inaturalist.org/photos/205207057/medium.jpg,,"","",1,0,false,3,"16th Cir NW, Bradenton, FL, US",27.5139638689,-82.6591893845,5,,,,5,,,false,,,Ceraunus Blue,Hemiargus ceraunus,Ceraunus Blue,Insecta,69940,
123281859,de443939-48c4-4228-b1df-67c29743d0dc,2022-06-21 12:09:17-04:00,2022-06-21,2022-06-21 16:09:17 UTC,Eastern Time (US & Canada),3773766,pammy63,Pammy63,2022-06-24 22:01:53 UTC,2022-07-09 05:52:55 UTC,needs_id,CC-BY-NC,https://www.inaturalist.org/observations/123281859,https://inaturalist-open-data.s3.amazonaws.com/photos/210796083/medium.jpg,,"","",0,0,false,3,"17th Ave NW, Bradenton, FL, US",27.5137083333,-82.6593033333,9,,,,9,,,false,,,"",Araneae,Spiders,Arachnida,47118,
131206113,60bbc10f-85f2-4b24-aa3d-fc5e4a5b6acd,2022-08-16 11:31:21,2022-08-16,2022-08-16 15:31:21 UTC,Eastern Time (US & Canada),3155000,doanrega,,2022-08-17 14:59:05 UTC,2022-08-17 16:36:17 UTC,research,CC-BY-NC,https://www.inaturalist.org/observations/131206113,https://inaturalist-open-data.s3.amazonaws.com/photos/223247607/medium.jpeg,,"",,1,0,false,2,"Bradenton, FL 34209, USA",27.5131210997,-82.6591054997,,,,,,,,false,gps,gps,green-spored parasol,Chlorophyllum molybdites,Green-spored Parasol,Fungi,117308,
143042002,83a59f8c-bdf2-4fe3-a2a3-0189daa8f3f7,2022-11-27 10:22:34-05:00,2022-11-27,2022-11-27 15:22:34 UTC,Eastern Time (US & Canada),6061851,victoriashein,Victoria Sheinberg,2022-11-27 15:24:03 UTC,2024-11-29 18:36:15 UTC,research,,https://www.inaturalist.org/observations/143042002,https://static.inaturalist.org/photos/245317251/medium.jpg,,"","",2,0,false,3,"17th Ave NW, Bradenton, FL, US",27.5139116667,-82.6594166667,4,,,,4,,,false,,,Black Witch,Ascalapha odorata,Black Witch,Insecta,61503,
143081724,0a516aea-2bf9-4617-af0f-83b682a2cfd3,2022-11-27 10:34:16-05:00,2022-11-27,2022-11-27 15:34:16 UTC,Eastern Time (US & Canada),6061851,victoriashein,Victoria Sheinberg,2022-11-27 20:29:23 UTC,2022-11-28 05:18:14 UTC,research,,https://www.inaturalist.org/observations/143081724,https://static.inaturalist.org/photos/245367631/medium.jpg,,"","",1,0,false,3,"17th Ave NW, Bradenton, FL, US",27.51392,-82.6591333333,4,,,,4,,,false,,,Axiologina ferrumequinum,Axiologina ferrumequinum,,Insecta,993493,
143082831,5894f125-ede8-4f7d-8360-b0177719dec7,2022-11-27 10:35:34-05:00,2022-11-27,2022-11-27 15:35:34 UTC,Eastern Time (US & Canada),6061851,victoriashein,Victoria Sheinberg,2022-11-27 20:35:06 UTC,2022-11-30 21:04:45 UTC,needs_id,,https://www.inaturalist.org/observations/143082831,https://static.inaturalist.org/photos/245369010/medium.jpg,,"","",1,0,false,3,"16th Cir NW, Bradenton, FL, US",27.5139466667,-82.6590633333,4,,,,4,,,false,,,Erythrischius,Erythrischius,,Insecta,888838,
143084030,b5d67249-8834-48ce-8bf9-7cf7b6b7364a,2022-11-27 11:28:06,2022-11-27,2022-11-27 16:28:06 UTC,Eastern Time (US & Canada),6063034,teschaim,,2022-11-27 20:42:54 UTC,2022-11-27 20:54:37 UTC,research,CC-BY-NC,https://www.inaturalist.org/observations/143084030,https://inaturalist-open-data.s3.amazonaws.com/photos/245370993/medium.jpeg,,"",,1,0,false,2,"Bradenton, FL 34209, USA",27.5130119167,-82.6590728611,,,,,,,open,false,gps,gps,White Ibis,Eudocimus albus,White Ibis,Aves,3751,
143084879,2ab20079-0d64-41cc-ba79-827ae0ad6395,2022-11-27 10:55:05-05:00,2022-11-27,2022-11-27 15:55:05 UTC,Eastern Time (US & Canada),6061851,victoriashein,Victoria Sheinberg,2022-11-27 20:48:10 UTC,2022-11-27 20:48:29 UTC,needs_id,,https://www.inaturalist.org/observations/143084879,https://static.inaturalist.org/photos/245372418/medium.jpg,,"","",0,0,false,3,"17th Ave NW, Bradenton, FL, US",27.51432,-82.65957,4,,,,4,,,false,,,"",Coprinopsis,Inkcaps,Fungi,48522,
143085558,8061724f-0bc8-436c-8ddf-60a993ef7e0c,2022-11-27 11:20:28,2022-11-27,2022-11-27 16:20:28 UTC,Eastern Time (US & Canada),6063034,teschaim,,2022-11-27 20:52:06 UTC,2022-11-28 01:24:18 UTC,research,CC-BY-NC,https://www.inaturalist.org/observations/143085558,https://inaturalist-open-data.s3.amazonaws.com/photos/245373536/medium.jpeg,,"",,1,0,false,2,"Bradenton, FL 34209, USA",27.5131187222,-82.6602859444,,,,,,,open,false,gps,gps,Brown Anole,Anolis sagrei,Brown Anole,Reptilia,116461,
143089919,b6b604ae-c123-4568-ac99-ddd1fd48b60c,2022-11-27 11:28:01-05:00,2022-11-27,2022-11-27 16:28:01 UTC,Eastern Time (US & Canada),6061851,victoriashein,Victoria Sheinberg,2022-11-27 21:18:05 UTC,2022-11-27 21:34:54 UTC,research,,https://www.inaturalist.org/observations/143089919,https://static.inaturalist.org/photos/245380550/medium.jpg,,"","",2,0,false,3,"16th Cir NW, Bradenton, FL, US",27.5131033333,-82.65918,4,,,,4,,open,false,,,White Ibis,Eudocimus albus,White Ibis,Aves,3751,
143209669,4d3a7a97-6e95-4fb8-9e5f-4af0c6cf573d,2022-11-27 10:29:30,2022-11-27,2022-11-27 15:29:30 UTC,Eastern Time (US & Canada),6063034,teschaim,,2022-11-28 21:18:04 UTC,2026-06-18 04:10:08 UTC,research,CC-BY-NC,https://www.inaturalist.org/observations/143209669,https://inaturalist-open-data.s3.amazonaws.com/photos/245581082/medium.jpeg,,"",,2,0,false,2,"Bradenton, FL 34209, USA",27.5138549722,-82.6594543333,,,,,,,,false,gps,gps,Black Witch,Ascalapha odorata,Black Witch,Insecta,61503,PSBP-99961
145238194,c4b76c51-703b-42a0-ac9d-d062dfcf4e1b,2022-12-26 11:44:23-05:00,2022-12-26,2022-12-26 16:44:23 UTC,Eastern Time (US & Canada),3268364,hmac73,Mac Lewis,2022-12-28 04:32:30 UTC,2022-12-28 04:33:19 UTC,research,CC-BY-NC,https://www.inaturalist.org/observations/145238194,https://inaturalist-open-data.s3.amazonaws.com/photos/249453063/medium.jpg,,"","",1,0,false,3,"99th St NW, Bradenton, FL, US",27.513455,-82.65963,4,,,,4,,open,false,,,Great Egret,Ardea alba,Great Egret,Aves,144455,
145238298,f5c7e94f-fcfa-4b9d-8515-90b6e18d65f8,2022-12-26 11:42:49-05:00,2022-12-26,2022-12-26 16:42:49 UTC,Eastern Time (US & Canada),3268364,hmac73,Mac Lewis,2022-12-28 04:34:22 UTC,2023-01-25 22:17:15 UTC,research,CC-BY-NC,https://www.inaturalist.org/observations/145238298,https://inaturalist-open-data.s3.amazonaws.com/photos/249453183/medium.jpg,,"","",2,0,false,3,"17th Ave NW, Bradenton, FL, US",27.513705,-82.6596,4,,,,4,,open,false,,,Anhinga,Anhinga anhinga,Anhinga,Aves,5063,
145238385,02b28f08-1f22-487f-a590-ce3226752522,2022-12-26 11:34:38-05:00,2022-12-26,2022-12-26 16:34:38 UTC,Eastern Time (US & Canada),3268364,hmac73,Mac Lewis,2022-12-28 04:37:23 UTC,2023-03-09 22:43:56 UTC,research,CC-BY-NC,https://www.inaturalist.org/observations/145238385,https://inaturalist-open-data.s3.amazonaws.com/photos/249453427/medium.jpg,,"","",3,1,false,3,"99th St NW, Bradenton, FL, US",27.5131416667,-82.66002,4,,,,4,,open,false,,,Anhinga,Anhinga anhinga,Anhinga,Aves,5063,
145238520,6e6e89b5-ef5d-4533-9d0c-dfef4c807532,2022-12-26 11:35:54-05:00,2022-12-26,2022-12-26 16:35:54 UTC,Eastern Time (US & Canada),3268364,hmac73,Mac Lewis,2022-12-28 04:39:55 UTC,2022-12-28 04:41:20 UTC,research,CC-BY-NC,https://www.inaturalist.org/observations/145238520,https://inaturalist-open-data.s3.amazonaws.com/photos/249453688/medium.jpg,,"","",1,0,false,3,"99th St NW, Bradenton, FL, US",27.51312,-82.6599716667,4,,,,4,,open,false,,,White Ibis,Eudocimus albus,White Ibis,Aves,3751,
145590262,8dfc4834-62e3-46e8-b09d-6583f6f9e545,2023-01-01 11:34:07,2023-01-01,2023-01-01 16:34:07 UTC,Eastern Time (US & Canada),3643094,wabbster,James Lamb,2023-01-01 17:27:16 UTC,2023-07-11 01:59:29 UTC,research,,https://www.inaturalist.org/observations/145590262,https://static.inaturalist.org/photos/250107945/medium.jpeg,,"",,2,0,false,2,"Bradenton, FL 34209, USA",27.5138777778,-82.6594083333,,,,,,,open,false,gps,gps,Anhinga,Anhinga anhinga,Anhinga,Aves,5063,
145590290,693d687e-7980-4d4f-8179-252909c76b63,2023-01-01 11:34:12,2023-01-01,2023-01-01 16:34:12 UTC,Eastern Time (US & Canada),3643094,wabbster,James Lamb,2023-01-01 17:27:48 UTC,2023-07-11 01:59:39 UTC,research,,https://www.inaturalist.org/observations/145590290,https://static.inaturalist.org/photos/250108046/medium.jpeg,,"",,1,0,false,2,"Bradenton, FL 34209, USA",27.5138777778,-82.6594083333,,,,,,,open,false,gps,gps,Great Egret,Ardea alba,Great Egret,Aves,144455,
145590411,d250ad18-83cb-480b-b177-a97792cc2fca,2023-01-01 11:36:07,2023-01-01,2023-01-01 16:36:07 UTC,Eastern Time (US & Canada),3643094,wabbster,James Lamb,2023-01-01 17:29:24 UTC,2023-04-26 22:02:16 UTC,research,,https://www.inaturalist.org/observations/145590411,https://static.inaturalist.org/photos/250108316/medium.jpeg,,"",Not confident ,1,0,false,2,"Bradenton, FL 34209, USA",27.5138583333,-82.6590833333,,,,,,,,false,,,Oncopeltus cingulifer,Oncopeltus cingulifer,,Insecta,261475,
145590448,4faba9d3-5e83-4a52-bc3b-543216231b9d,2023-01-01 11:37:11,2023-01-01,2023-01-01 16:37:11 UTC,Eastern Time (US & Canada),3643094,wabbster,James Lamb,2023-01-01 17:29:58 UTC,2026-06-06 18:25:16 UTC,research,,https://www.inaturalist.org/observations/145590448,https://static.inaturalist.org/photos/250108399/medium.jpeg,,"",,2,0,false,2,"Bradenton, FL 34209, USA",27.5138583333,-82.6590833333,,,,,,,,false,gps,gps,Oncopeltus cingulifer,Oncopeltus cingulifer,,Insecta,261475,
145590594,fd614167-e6f1-4818-bf58-4c07b93eda32,2023-01-01 11:38:50,2023-01-01,2023-01-01 16:38:50 UTC,Eastern Time (US & Canada),3643094,wabbster,James Lamb,2023-01-01 17:31:28 UTC,2023-01-08 06:31:45 UTC,research,,https://www.inaturalist.org/observations/145590594,https://static.inaturalist.org/photos/250108604/medium.jpeg,,"",,3,0,false,2,"Bradenton, FL 34209, USA",27.5139638889,-82.6589777778,,,,,,,,false,gps,gps,Dilemma Orchid Bee,Euglossa dilemma,Dilemma Orchid Bee,Insecta,474465,
145590623,9385d431-90fe-4e05-bba5-05136dee8704,2023-01-01 11:51:06,2023-01-01,2023-01-01 16:51:06 UTC,Eastern Time (US & Canada),3643094,wabbster,James Lamb,2023-01-01 17:32:06 UTC,2023-01-01 17:32:16 UTC,needs_id,,https://www.inaturalist.org/observations/145590623,https://static.inaturalist.org/photos/250108689/medium.jpeg,,"",,0,0,false,2,"Bradenton, FL 34209, USA",27.5130194444,-82.6592666667,,,,,,,open,false,gps,gps,Peninsular Cooter,Pseudemys peninsularis,Peninsular Cooter,Reptilia,39825,
145590664,fbb88ee6-f706-4a04-b584-855453153662,2023-01-01 11:56:15,2023-01-01,2023-01-01 16:56:15 UTC,Eastern Time (US & Canada),3643094,wabbster,James Lamb,2023-01-01 17:32:35 UTC,2026-04-08 23:21:43 UTC,research,,https://www.inaturalist.org/observations/145590664,https://static.inaturalist.org/photos/250108787/medium.jpeg,,"",,1,0,false,2,"Bradenton, FL 34209, USA",27.51285,-82.6603055556,,,,,,,,false,gps,gps,Osprey,Pandion haliaetus,Osprey,Aves,116999,
145590719,af73f5d2-d0ec-4fe4-8397-85ff9e269753,2023-01-01 11:58:31,2023-01-01,2023-01-01 16:58:31 UTC,Eastern Time (US & Canada),3643094,wabbster,James Lamb,2023-01-01 17:33:06 UTC,2026-04-12 20:28:12 UTC,research,,https://www.inaturalist.org/observations/145590719,https://static.inaturalist.org/photos/250108889/medium.jpeg,,"",,2,0,false,2,"Bradenton, FL 34209, USA",27.5135138889,-82.6600277778,,,,,,,,false,gps,gps,Wood Stork,Mycteria americana,Wood Stork,Aves,4742,
145590892,8a1d65f5-458c-4aa8-9c04-3bc31186311e,2023-01-01 11:59:19,2023-01-01,2023-01-01 16:59:19 UTC,Eastern Time (US & Canada),3643094,wabbster,James Lamb,2023-01-01 17:34:03 UTC,2023-01-01 18:05:33 UTC,research,,https://www.inaturalist.org/observations/145590892,https://static.inaturalist.org/photos/250109042/medium.jpeg,,"",,1,0,false,2,"Bradenton, FL 34209, USA",27.5135138889,-82.6600277778,,,,,,,open,false,gps,gps,Fish Crow,Corvus ossifragus,Fish Crow,Aves,8001,
145591004,fc9b75c3-5e87-4db1-ba2d-f826e010b74c,2023-01-01 12:01:31,2023-01-01,2023-01-01 17:01:31 UTC,Eastern Time (US & Canada),3643094,wabbster,James Lamb,2023-01-01 17:34:34 UTC,2023-07-11 01:55:34 UTC,research,,https://www.inaturalist.org/observations/145591004,https://static.inaturalist.org/photos/250109117/medium.jpeg,,"",,1,0,false,2,"Bradenton, FL 34209, USA",27.5139055556,-82.6600472222,,,,,,,open,false,gps,gps,Red-bellied Woodpecker,Melanerpes carolinus,Red-bellied Woodpecker,Aves,18205,
145591034,a0d23917-1cfc-4f77-be1e-124a29190956,2023-01-01 12:09:37,2023-01-01,2023-01-01 17:09:37 UTC,Eastern Time (US & Canada),3643094,wabbster,James Lamb,2023-01-01 17:35:08 UTC,2023-01-01 18:48:43 UTC,research,,https://www.inaturalist.org/observations/145591034,https://static.inaturalist.org/photos/250109196/medium.jpeg,,"",,1,0,false,2,"Bradenton, FL 34209, USA",27.5136722222,-82.65975,,,,,,,,false,gps,gps,Asian Lady Beetle,Harmonia axyridis,Asian Lady Beetle,Insecta,48484,
145591122,bb299bd3-e714-4d1c-939a-79af8e2d1302,2023-01-01 12:11:37,2023-01-01,2023-01-01 17:11:37 UTC,Eastern Time (US & Canada),3643094,wabbster,James Lamb,2023-01-01 17:36:14 UTC,2023-01-01 19:26:01 UTC,research,,https://www.inaturalist.org/observations/145591122,https://static.inaturalist.org/photos/250109405/medium.jpeg,,"",,2,0,false,2,"Bradenton, FL 34209, USA",27.5139666667,-82.658975,,,,,,,open,false,gps,gps,Blue Jay,Cyanocitta cristata,Blue Jay,Aves,8229,
145591163,45f0c8e0-9c64-4720-9c03-793e6b0aa41e,2023-01-01 12:12:15,2023-01-01,2023-01-01 17:12:15 UTC,Eastern Time (US & Canada),3643094,wabbster,James Lamb,2023-01-01 17:36:47 UTC,2026-06-18 04:09:57 UTC,research,,https://www.inaturalist.org/observations/145591163,https://static.inaturalist.org/photos/250109498/medium.jpeg,,"",,1,0,false,2,"Bradenton, FL 34209, USA",27.5143361111,-82.6591527778,,,,,,,open,false,gps,gps,Blue Jay,Cyanocitta cristata,Blue Jay,Aves,8229,PSBP-99965
145591222,a90f326f-9270-408d-994c-a8b2091ef75b,2023-01-01 12:13:54,2023-01-01,2023-01-01 17:13:54 UTC,Eastern Time (US & Canada),3643094,wabbster,James Lamb,2023-01-01 17:37:31 UTC,2023-01-01 18:02:33 UTC,research,,https://www.inaturalist.org/observations/145591222,https://static.inaturalist.org/photos/250109604/medium.jpeg,,"",,1,0,false,2,"Bradenton, FL 34209, USA",27.5142833333,-82.6595333333,,,,,,,open,false,gps,gps,Gray Catbird,Dumetella carolinensis,Gray Catbird,Aves,14995,
150930938,92aa67ff-3019-492a-ab98-b2d69646c7a2,2023-03-12 10:59:23-04:00,2023-03-12,2023-03-12 14:59:23 UTC,Eastern Time (US & Canada),3773766,pammy63,Pammy63,2023-03-12 15:01:07 UTC,2023-03-29 23:25:31 UTC,research,CC-BY-NC,https://www.inaturalist.org/observations/150930938,https://inaturalist-open-data.s3.amazonaws.com/photos/260343002/medium.jpg,,"","",1,0,false,3,"16th Cir NW, Bradenton, FL, US",27.5141277834,-82.6590659778,4,,,,4,,,false,,,Chondrocera laticornis,Chondrocera laticornis,,Insecta,349191,
151155729,9febf13a-f3e4-4b33-beab-b821db47da08,Tue Mar 14 2023 16:54:54 GMT -0400 (EDT),2023-03-14,2023-03-14 20:54:54 UTC,Eastern Time (US & Canada),5311624,naturalistclaire,,2023-03-14 21:25:52 UTC,2023-03-18 12:23:08 UTC,research,CC-BY-NC,https://www.inaturalist.org/observations/151155729,https://inaturalist-open-data.s3.amazonaws.com/photos/261070928/medium.jpeg,,"",,2,0,false,333,Bradenton,27.5131053925,-82.6597442627,,,,,,,open,false,,,Brown Anole,Anolis sagrei,Brown Anole,Reptilia,116461,
154337666,a52b19e4-8c14-40ea-96aa-a9ec0bf7e8f2,2023-04-10 15:25:24-04:00,2023-04-10,2023-04-10 19:25:24 UTC,Eastern Time (US & Canada),7944,kcsemrau,Kassandra Semrau,2023-04-10 21:54:06 UTC,2023-04-11 21:42:22 UTC,research,CC-BY,https://www.inaturalist.org/observations/154337666,https://static.inaturalist.org/photos/266666424/medium.jpg,,"","",2,0,false,3,"17th Ave NW, Bradenton, FL, US",27.513655,-82.6594783333,10,,,,10,,open,false,,,Anhinga,Anhinga anhinga,Anhinga,Aves,5063,
166915142,f6f1219f-436c-4195-bf75-01a51ab00df9,2023-06-11 15:06:23-04:00,2023-06-11,2023-06-11 19:06:23 UTC,Eastern Time (US & Canada),2455099,zara_nature_nerd,,2023-06-11 23:19:58 UTC,2023-06-12 01:58:37 UTC,research,CC-BY-NC,https://www.inaturalist.org/observations/166915142,https://inaturalist-open-data.s3.amazonaws.com/photos/289085587/medium.jpg,,"","",1,0,false,3,"17th Ave NW, Bradenton, FL, US",27.5141083333,-82.6595466667,8,,,,8,,,false,,,Mabel Orchard Orbweaver,Leucauge argyrobapta,Mabel Orchard Orbweaver,Arachnida,776900,
167766476,9a067b50-113c-4b72-9195-7a40bd55f643,2023-06-16 16:03:13-04:00,2023-06-16,2023-06-16 20:03:13 UTC,Eastern Time (US & Canada),1492047,jeffreypatton,Jeffrey Patton,2023-06-16 21:04:23 UTC,2023-06-16 21:07:53 UTC,research,,https://www.inaturalist.org/observations/167766476,https://static.inaturalist.org/photos/290665954/medium.jpg,,"","",1,0,false,3,"Bradenton, FL, US",27.5127716667,-82.6597216667,4,,,,4,,open,false,,,White Ibis,Eudocimus albus,White Ibis,Aves,3751,
167766643,66fac162-b9c0-49d8-bb24-8dd05aae04d4,2023-06-16 15:40:44-04:00,2023-06-16,2023-06-16 19:40:44 UTC,Eastern Time (US & Canada),1492047,jeffreypatton,Jeffrey Patton,2023-06-16 21:05:41 UTC,2023-06-18 19:54:56 UTC,research,,https://www.inaturalist.org/observations/167766643,https://static.inaturalist.org/photos/290666309/medium.jpg,,"","",2,0,false,3,"17th Ave NW, Bradenton, FL, US",27.51382,-82.6595616667,3,,,,3,,open,false,,,Anhinga,Anhinga anhinga,Anhinga,Aves,5063,
167766760,a227aed3-e14a-40c3-b589-959b540e2c8f,2023-06-16 15:47:07-04:00,2023-06-16,2023-06-16 19:47:07 UTC,Eastern Time (US & Canada),1492047,jeffreypatton,Jeffrey Patton,2023-06-16 21:06:35 UTC,2023-06-16 21:13:54 UTC,research,,https://www.inaturalist.org/observations/167766760,https://static.inaturalist.org/photos/290666553/medium.jpg,,"","",1,0,false,3,"17th Ave NW, Bradenton, FL, US",27.5135883333,-82.659355,3,,,,3,,open,false,,,Common Gallinule,Gallinula galeata,Common Gallinule,Aves,144479,
167766870,fcf3ad87-cc06-4ff2-ba12-afc198f4e09a,2023-06-16 15:40:41-04:00,2023-06-16,2023-06-16 19:40:41 UTC,Eastern Time (US & Canada),1492047,jeffreypatton,Jeffrey Patton,2023-06-16 21:07:30 UTC,2026-06-18 04:10:13 UTC,research,,https://www.inaturalist.org/observations/167766870,https://static.inaturalist.org/photos/290666789/medium.jpg,,"","",1,0,false,3,"17th Ave NW, Bradenton, FL, US",27.51382,-82.6595616667,3,,,,3,,open,false,,,Roseate Skimmer,Orthemis ferruginea,Roseate Skimmer,Insecta,68233,PSBP-99959
168366616,962524f1-d83e-47ff-9d86-6b9e16802563,2023-06-18 14:50:27-04:00,2023-06-18,2023-06-18 18:50:27 UTC,Eastern Time (US & Canada),572449,kittyoneil,Kitty O’Neil,2023-06-19 20:29:08 UTC,2025-01-04 15:01:40 UTC,research,CC-BY-NC,https://www.inaturalist.org/observations/168366616,https://inaturalist-open-data.s3.amazonaws.com/photos/291775101/medium.jpg,,"","",1,0,false,3,"17th Ave NW, Bradenton, FL, US",27.5142283333,-82.6596133333,4,,,,4,,,false,,,Mabel Orchard Orbweaver,Leucauge argyrobapta,Mabel Orchard Orbweaver,Arachnida,776900,
168585525,e95054ac-d150-4a10-8be3-07b549c80aeb,2023-06-20 15:28:14-04:00,2023-06-20,2023-06-20 19:28:14 UTC,Eastern Time (US & Canada),3773766,pammy63,Pammy63,2023-06-21 01:06:11 UTC,2023-07-06 09:40:42 UTC,research,CC-BY-NC,https://www.inaturalist.org/observations/168585525,https://inaturalist-open-data.s3.amazonaws.com/photos/297331058/medium.jpg,,"","",1,0,false,3,"17th Ave NW, Bradenton, FL, US",27.5138216667,-82.6595783333,4,,,,4,,open,false,,,Common Gallinule,Gallinula galeata,Common Gallinule,Aves,144479,
171501076,0ae6b5bf-2662-4d72-9371-ae6dad201453,2023-07-04 13:24:16-04:00,2023-07-04,2023-07-04 17:24:16 UTC,Eastern Time (US & Canada),3773766,pammy63,Pammy63,2023-07-07 03:43:29 UTC,2026-06-18 04:10:16 UTC,research,CC-BY-NC,https://www.inaturalist.org/observations/171501076,https://inaturalist-open-data.s3.amazonaws.com/photos/297604946/medium.jpg,,"",I was wondering if the color pattern indicates male or female?,2,0,false,3,"17th Ave NW, Bradenton, FL, US",27.5138116667,-82.6594083333,7,,,,7,,,false,,,Ornate Bella Moth,Utetheisa ornatrix,Ornate Bella Moth,Insecta,67440,PSBP-99958
173653466,b386518d-a1af-423d-96c7-eca4424deab2,2023-07-18 14:35:17-04:00,2023-07-18,2023-07-18 18:35:17 UTC,Eastern Time (US & Canada),3773766,pammy63,Pammy63,2023-07-18 20:14:22 UTC,2023-07-28 01:24:34 UTC,research,CC-BY-NC,https://www.inaturalist.org/observations/173653466,https://inaturalist-open-data.s3.amazonaws.com/photos/301590380/medium.jpg,,"","",2,0,false,3,"17th Ave NW, Bradenton, FL, US",27.5138416667,-82.65953,4,,,,4,,,false,,,Mallard × Mottled Duck,Anas platyrhynchos × fulvigula,Mallard × Mottled Duck,Aves,465713,
178338398,d5c59a6f-e11f-481e-90e9-de092d0e2b24,2023-08-13 11:20:53,2023-08-13,2023-08-13 15:20:53 UTC,Eastern Time (US & Canada),2248133,astervawn,Asterid Johnson,2023-08-14 09:30:40 UTC,2023-08-14 11:06:30 UTC,research,,https://www.inaturalist.org/observations/178338398,https://static.inaturalist.org/photos/310311131/medium.jpeg,,"",,1,0,false,2,"Bradenton, FL 34209, USA",27.5138527778,-82.6602527778,,,,,,,open,false,gps,gps,Common Gallinule,Gallinula galeata,Common Gallinule,Aves,144479,
182494203,0d15fa96-5e6e-46dd-8bd8-b509a88bfc8d,2023-09-09 09:57:19-04:00,2023-09-09,2023-09-09 13:57:19 UTC,Eastern Time (US & Canada),3773766,pammy63,Pammy63,2023-09-09 17:03:55 UTC,2026-06-18 04:09:51 UTC,research,CC-BY-NC,https://www.inaturalist.org/observations/182494203,https://inaturalist-open-data.s3.amazonaws.com/photos/318200562/medium.jpg,,"","",1,0,false,3,"99th St NW, Bradenton, FL, US",27.5131083333,-82.659875,9,,,,9,,,false,,,Black-crowned Night-Heron,Nycticorax nycticorax,Black-crowned Night Heron,Aves,4981,PSBP-99967
183538582,f9b9b5b7-b774-4177-a137-4c38f1169afe,2023-09-16 10:17:08-04:00,2023-09-16,2023-09-16 14:17:08 UTC,Eastern Time (US & Canada),3773766,pammy63,Pammy63,2023-09-16 18:09:36 UTC,2023-09-17 15:04:44 UTC,research,CC-BY-NC,https://www.inaturalist.org/observations/183538582,https://inaturalist-open-data.s3.amazonaws.com/photos/320221349/medium.jpg,,"","",2,0,false,3,"99th St NW, Bradenton, FL, US",27.5137216667,-82.6606216667,4,,,,4,,,false,,,Brown Spitting Spider,Scytodes fusca,Brown Spitting Spider,Arachnida,126289,
185367837,13667a18-b31f-4729-92b0-d53198261626,2022-02-28 12:40:20-05:00,2022-02-28,2022-02-28 17:40:20 UTC,Eastern Time (US & Canada),495447,ellietheexplorer,Ecology Ellie,2023-09-29 02:20:43 UTC,2024-11-30 03:27:05 UTC,research,,https://www.inaturalist.org/observations/185367837,https://static.inaturalist.org/photos/323732536/medium.jpg,,"","",1,0,false,3,"17th Ave NW, Bradenton, FL, US",27.5141966721,-82.6598133333,20,,,,20,,,false,,,Monk Skipper,Choranthus capucinus,Monk Skipper,Insecta,1557768,
186242450,6561f034-d331-420e-89a5-55dc320a7a77,2023-10-04 09:25:37-04:00,2023-10-04,2023-10-04 13:25:37 UTC,Eastern Time (US & Canada),572449,kittyoneil,Kitty O’Neil,2023-10-05 03:18:31 UTC,2025-01-04 15:08:04 UTC,research,CC-BY-NC,https://www.inaturalist.org/observations/186242450,https://inaturalist-open-data.s3.amazonaws.com/photos/325431404/medium.jpg,,"","",1,0,false,3,"99th St NW, Bradenton, FL, US",27.51333,-82.6601783333,3,,,,3,,,false,,,Southern Paper Wasp,Polistes bellicosus,Southern Paper Wasp,Insecta,153449,
191765275,e1535082-8470-4063-9cf0-30c7811b3a09,2023-11-22 10:31:21,2023-11-22,2023-11-22 15:31:21 UTC,Eastern Time (US & Canada),2533380,carol418,Carol Johnston,2023-11-22 15:34:04 UTC,2026-04-12 20:54:11 UTC,research,,https://www.inaturalist.org/observations/191765275,https://static.inaturalist.org/photos/336494383/medium.jpeg,,"",,4,0,false,2,"Bradenton, FL 34209, USA",27.5129699722,-82.65912,,,,,,,,false,gps,gps,Wood Stork,Mycteria americana,Wood Stork,Aves,4742,
207074393,2bb75c6d-69bf-4853-8971-dc1ac66aff89,2024-04-13 19:21:00-04:00,2024-04-13,2024-04-13 23:21:00 UTC,Eastern Time (US & Canada),3773766,pammy63,Pammy63,2024-04-14 00:30:09 UTC,2025-04-03 16:33:06 UTC,research,CC-BY-NC,https://www.inaturalist.org/observations/207074393,https://inaturalist-open-data.s3.amazonaws.com/photos/366237756/medium.jpg,,"","",2,0,false,3,"16th Cir NW, Bradenton, FL, US",27.514045,-82.6589883333,5,,,,5,,,false,,,Heliconius charithonia tuckeri,Heliconius charithonia tuckeri,Florida Zebra Longwing,Insecta,49765,
207074593,1ae24f36-53a4-4a32-9a0a-7f766db29b2f,2024-04-13 19:14:32-04:00,2024-04-13,2024-04-13 23:14:32 UTC,Eastern Time (US & Canada),3773766,pammy63,Pammy63,2024-04-14 00:31:07 UTC,2026-03-05 21:08:47 UTC,research,CC-BY-NC,https://www.inaturalist.org/observations/207074593,https://inaturalist-open-data.s3.amazonaws.com/photos/366238094/medium.jpg,,"","",2,0,false,3,"16th Cir NW, Bradenton, FL, US",27.5139966667,-82.6590416667,4,,,,4,,open,false,,,Gulf Fritillary,Dione vanillae,Gulf Fritillary,Insecta,49150,
212241550,9a7bb058-1134-4b55-929f-53af9bf83569,2024-04-30 08:39:13-04:00,2024-04-30,2024-04-30 12:39:13 UTC,Eastern Time (US & Canada),7811496,katiet5,,2024-04-30 13:27:52 UTC,2024-05-01 22:17:04 UTC,research,CC-BY-NC,https://www.inaturalist.org/observations/212241550,https://inaturalist-open-data.s3.amazonaws.com/photos/375078835/medium.jpg,,"","",1,0,false,3,"99th St NW, Bradenton, FL, US",27.514095,-82.66082,4,,,,4,,open,false,,,Great Blue Heron,Ardea herodias,Great Blue Heron,Aves,4956,
217820449,d510c07f-4579-40e9-a7a1-b6265c762d8f,2024/05/12 9:22 AM,2024-05-12,2024-05-12 13:22:00 UTC,Eastern Time (US & Canada),1720217,celestes,"",2024-05-24 02:49:52 UTC,2025-07-31 01:55:22 UTC,research,CC-BY-NC,https://www.inaturalist.org/observations/217820449,https://inaturalist-open-data.s3.amazonaws.com/photos/385382279/medium.jpg,,"",,1,0,false,,"Manatee County, FL, USA",27.5135139154,-82.6598622442,99,,,,99,,,false,,,Carolinian Elegant,Meromacrus acutus,Carolinian Elegant,Insecta,361290,
219454927,d0d82a46-2f47-46ee-b5b0-9e68009125a4,2024/05/14 6:07 PM,2024-05-14,2024-05-14 22:07:00 UTC,Eastern Time (US & Canada),1720217,celestes,"",2024-05-31 02:11:14 UTC,2025-07-31 01:56:08 UTC,research,CC-BY-NC,https://www.inaturalist.org/observations/219454927,https://inaturalist-open-data.s3.amazonaws.com/photos/388440922/medium.jpg,,"",,2,0,false,,"Manatee County, FL, USA",27.5140753241,-82.660463059,30,,,,30,,,false,,,Yellow-crowned Night Heron,Nyctanassa violacea,Yellow-crowned Night Heron,Aves,4999,
222656043,cc3f4212-dbaf-4e0b-8b48-0f9aa1274f21,2024-06-14 08:49:10,2024-06-14,2024-06-14 12:49:10 UTC,Eastern Time (US & Canada),7765791,christine26409,Christine,2024-06-14 15:13:10 UTC,2024-06-15 14:55:08 UTC,research,,https://www.inaturalist.org/observations/222656043,https://static.inaturalist.org/photos/394433560/medium.jpeg,,"",,1,0,false,2,"Bradenton, FL 34209, USA",27.5142859722,-82.6606699722,,,,,,,open,false,gps,gps,Great Egret,Ardea alba,Great Egret,Aves,144455,
248327750,00b15508-3e11-4acd-932a-4adac4a401fe,2024-04-28 12:58:30-04:00,2024-04-28,2024-04-28 16:58:30 UTC,Eastern Time (US & Canada),8675472,maegangrace,Maegan Schouest,2024-10-20 19:30:00 UTC,2024-10-20 19:42:58 UTC,research,,https://www.inaturalist.org/observations/248327750,https://static.inaturalist.org/photos/443681151/medium.jpeg,,"","",2,0,false,3,"99th St NW, Bradenton, FL, US",27.5131166667,-82.6595783333,4,,,,4,,open,false,,,Anhinga,Anhinga anhinga,Anhinga,Aves,5063,
260417726,759459eb-f92e-4ea5-a410-f5c7845e6ab8,2025-02-02 14:46:22,2025-02-02,2025-02-02 19:46:22 UTC,Eastern Time (US & Canada),1609873,brett86,Brett Ritchey,2025-02-02 19:52:06 UTC,2025-04-14 04:42:52 UTC,research,,https://www.inaturalist.org/observations/260417726,https://static.inaturalist.org/photos/467666323/medium.jpeg,,"",,1,0,false,2,"Bradenton, FL 34209, USA",27.5128281,-82.6596749997,,,,,,,open,false,gps,gps,Common Gallinule,Gallinula galeata,Common Gallinule,Aves,144479,
260417864,87c7e75d-e84e-4429-b61b-609fbd98e87c,2025-02-02 14:51:18,2025-02-02,2025-02-02 19:51:18 UTC,Eastern Time (US & Canada),1609873,brett86,Brett Ritchey,2025-02-02 19:53:39 UTC,2025-02-02 20:04:20 UTC,research,,https://www.inaturalist.org/observations/260417864,https://static.inaturalist.org/photos/467666468/medium.jpeg,,"",,1,0,false,2,"Bradenton, FL 34209, USA",27.5127264997,-82.6594458997,,,,,,,open,false,,,Anhinga,Anhinga anhinga,Anhinga,Aves,5063,
260418035,3add4712-7a1b-48e1-b1e2-6395ef1160b8,2025-02-02 14:51:41,2025-02-02,2025-02-02 19:51:41 UTC,Eastern Time (US & Canada),1609873,brett86,Brett Ritchey,2025-02-02 19:55:26 UTC,2025-02-09 00:55:45 UTC,research,,https://www.inaturalist.org/observations/260418035,https://static.inaturalist.org/photos/468280831/medium.jpeg,,"",,1,0,false,2,"Bradenton, FL 34209, USA",27.5127264997,-82.6594458997,,,,,,,open,false,gps,gps,Tricolored Heron,Egretta tricolor,Tricolored Heron,Aves,4938,
263787920,78b76f39-2b8c-422a-ac37-6081966733c7,2025-03-03 11:48:07-05:00,2025-03-03,2025-03-03 16:48:07 UTC,Eastern Time (US & Canada),7446104,flowerchild1969,,2025-03-03 19:19:14 UTC,2026-02-26 05:53:58 UTC,research,CC-BY-NC,https://www.inaturalist.org/observations/263787920,https://inaturalist-open-data.s3.amazonaws.com/photos/473949552/medium.jpg,,"","",1,0,false,3,"17th Ave NW, Bradenton, FL, US",27.5136116667,-82.659395,7,,,,7,,open,false,,,Pond Slider,Trachemys scripta,Pond Slider,Reptilia,39782,
265615998,e8eb994e-5446-46f5-83d9-d34791a542a3,2025-03-15 13:12:22-04:00,2025-03-15,2025-03-15 17:12:22 UTC,Eastern Time (US & Canada),2302387,christina888,Christina Altringer,2025-03-16 22:17:46 UTC,2025-05-24 06:24:08 UTC,research,,https://www.inaturalist.org/observations/265615998,https://static.inaturalist.org/photos/477130051/medium.jpg,,"","",3,0,false,3,"17th Ave NW, Bradenton, FL, US",27.5140333333,-82.660195,3,,,,3,,open,false,,,Roseate Spoonbill,Platalea ajaja,Roseate Spoonbill,Aves,62529,
266408487,95199a1a-6de3-49ec-bb85-fed10eca7692,2025-03-22 10:00:14-04:00,2025-03-22,2025-03-22 14:00:14 UTC,Eastern Time (US & Canada),824240,billieknight,,2025-03-22 17:46:42 UTC,2025-04-13 16:00:12 UTC,research,,https://www.inaturalist.org/observations/266408487,https://static.inaturalist.org/photos/478661742/medium.jpg,,"","",1,0,false,3,"17th Ave NW, Bradenton, FL, US",27.5139966667,-82.65947,14,,,,14,,open,false,,,Brown Anole,Anolis sagrei,Brown Anole,Reptilia,116461,
267202410,feec399c-9204-4b6d-8d05-14c1752c453f,2025-03-27 08:23:30-04:00,2025-03-27,2025-03-27 12:23:30 UTC,Eastern Time (US & Canada),469469,ryancooke,Ryan Cooke,2025-03-27 14:57:16 UTC,2025-04-14 11:15:08 UTC,research,CC-BY-NC,https://www.inaturalist.org/observations/267202410,https://static.inaturalist.org/photos/480160560/medium.jpg,,"","",1,0,false,3,"16th Cir NW, Bradenton, FL, US",27.5129883333,-82.659195,12,,,,12,,open,false,,,American Robin,Turdus migratorius,American Robin,Aves,12727,
267202492,b2150f21-9292-4fe1-8d0f-c3cb40ad22d6,2025-03-27 08:14:52-04:00,2025-03-27,2025-03-27 12:14:52 UTC,Eastern Time (US & Canada),469469,ryancooke,Ryan Cooke,2025-03-27 14:57:56 UTC,2025-04-14 11:15:10 UTC,research,CC-BY-NC,https://www.inaturalist.org/observations/267202492,https://static.inaturalist.org/photos/480160703/medium.jpg,,"","",1,0,false,3,"99th St NW, Bradenton, FL, US",27.5134216667,-82.660155,14,,,,14,,open,false,,,Double-crested Cormorant,Nannopterum auritum,Double-crested Cormorant,Aves,1454382,
267202601,1b4c1e7c-d8b1-41c7-92dc-2c6530723f14,2025-03-27 08:13:01-04:00,2025-03-27,2025-03-27 12:13:01 UTC,Eastern Time (US & Canada),469469,ryancooke,Ryan Cooke,2025-03-27 14:58:43 UTC,2025-04-14 11:15:16 UTC,research,CC-BY-NC,https://www.inaturalist.org/observations/267202601,https://static.inaturalist.org/photos/480160878/medium.jpg,,"","",1,0,false,3,"99th St NW, Bradenton, FL, US",27.5135366667,-82.6601416667,26,,,,26,,open,false,,,Wood Duck,Aix sponsa,Wood Duck,Aves,7107,
267202661,df261723-cb23-4e97-8cbc-9960d23853bf,2025-03-27 08:12:36-04:00,2025-03-27,2025-03-27 12:12:36 UTC,Eastern Time (US & Canada),469469,ryancooke,Ryan Cooke,2025-03-27 14:59:10 UTC,2025-03-29 18:31:49 UTC,research,CC-BY-NC,https://www.inaturalist.org/observations/267202661,https://static.inaturalist.org/photos/480160967/medium.jpg,,"","",2,0,false,3,"99th St NW, Bradenton, FL, US",27.5135633333,-82.6601333333,23,,,,23,,open,false,,,Palm Warbler,Setophaga palmarum,Palm Warbler,Aves,145242,
267202750,26ed23e4-576c-4486-913f-8203032d04af,2025-03-27 08:10:10-04:00,2025-03-27,2025-03-27 12:10:10 UTC,Eastern Time (US & Canada),469469,ryancooke,Ryan Cooke,2025-03-27 14:59:40 UTC,2025-03-27 16:15:57 UTC,research,CC-BY-NC,https://www.inaturalist.org/observations/267202750,https://static.inaturalist.org/photos/480161093/medium.jpg,,"","",1,0,false,3,"99th St NW, Bradenton, FL, US",27.513705,-82.66012,7,,,,7,,,false,,,Mallard × Mottled Duck,Anas platyrhynchos × fulvigula,Mallard × Mottled Duck,Aves,465713,
270479736,ffbf58ad-22e4-42ab-a982-84bac24df4d5,2025-03-03 11:48:28-05:00,2025-03-03,2025-03-03 16:48:28 UTC,Eastern Time (US & Canada),7446104,flowerchild1969,,2025-04-14 18:58:40 UTC,2025-04-17 14:37:23 UTC,needs_id,CC-BY-NC,https://www.inaturalist.org/observations/270479736,https://inaturalist-open-data.s3.amazonaws.com/photos/486437927/medium.jpg,,"","",0,0,false,3,"17th Ave NW, Bradenton, FL, US",27.51367,-82.6594166667,6,,,,6,,,false,,,"",Pseudemys,Cooters,Reptilia,39820,
270855878,7baa29d7-31c7-41d1-b69d-0095f8b866e3,2025-03-30 16:24:51,2025-03-30,2025-03-30 20:24:51 UTC,Eastern Time (US & Canada),9143366,buttercup2323,,2025-04-16 17:32:56 UTC,2026-02-11 15:39:02 UTC,research,CC-BY-NC,https://www.inaturalist.org/observations/270855878,https://static.inaturalist.org/photos/487156623/medium.jpeg,,"",Large flock of white ibis ,2,0,false,2,"Palma Sola, FL 34209, USA",27.5138666667,-82.66025,,,,,,,open,false,gps,gps,White Ibis,Eudocimus albus,White Ibis,Aves,3751,
273838542,6573c228-002e-4437-a183-855aa85497b8,Sat Apr 26 2025 10:12:24 GMT -0400 (EDT),2025-04-26,2025-04-26 14:12:24 UTC,Eastern Time (US & Canada),9191340,jleszczynski,,2025-04-26 14:12:40 UTC,2025-05-27 00:07:11 UTC,research,,https://www.inaturalist.org/observations/273838542,https://static.inaturalist.org/photos/492450584/medium.jpeg,,"",,1,0,false,333,Bradenton,27.5141181946,-82.660118103,23,,,,23,,open,false,,,Florida Red-bellied Cooter,Pseudemys nelsoni,Florida Red-bellied Cooter,Reptilia,39824,
273838875,c5bc2e0b-b691-4574-9350-7bf34e0b07f4,Sat Apr 26 2025 10:13:00 GMT -0400 (EDT),2025-04-26,2025-04-26 14:13:00 UTC,Eastern Time (US & Canada),9191340,jleszczynski,,2025-04-26 14:13:07 UTC,2026-02-05 16:20:28 UTC,research,,https://www.inaturalist.org/observations/273838875,https://static.inaturalist.org/photos/492450457/medium.jpeg,,"",,2,0,false,333,Bradenton,27.5142498016,-82.6600646973,23,,,,23,,open,false,,,Common Gallinule,Gallinula galeata,Common Gallinule,Aves,144479,
280592430,c998392e-6eb3-4184-9b79-9a041d56da16,2025-05-12 11:38:46,2025-05-12,2025-05-12 15:38:46 UTC,Eastern Time (US & Canada),3155000,doanrega,,2025-05-12 18:41:52 UTC,2025-05-12 18:55:15 UTC,research,CC-BY-NC,https://www.inaturalist.org/observations/280592430,https://inaturalist-open-data.s3.amazonaws.com/photos/503965403/medium.jpeg,,"",,1,0,false,2,"Palma Sola, FL 34209, USA",27.5135842,-82.6592016,,,,,,,open,false,gps,gps,Great Blue Heron,Ardea herodias,Great Blue Heron,Aves,4956,
281483880,e8c07d53-e90b-4341-b99a-9449f7b7c4d0,2025-05-16 09:12:30-04:00,2025-05-16,2025-05-16 13:12:30 UTC,Eastern Time (US & Canada),1940342,bluenatty,Natalie Hill,2025-05-16 13:13:01 UTC,2026-05-18 20:08:28 UTC,needs_id,CC-BY-NC,https://www.inaturalist.org/observations/281483880,https://inaturalist-open-data.s3.amazonaws.com/photos/505656014/medium.jpg,,"","",2,0,false,3,"17th Ave NW, Bradenton, FL, US",27.5138785397,-82.6599942962,3,,,,3,,,false,,,Lygaeinae,Lygaeinae,,Insecta,130314,
286162652,ff20b501-2414-48d8-ad28-cf6187ac09ae,2025-05-22 08:59:25-04:00,2025-05-22,2025-05-22 12:59:25 UTC,Eastern Time (US & Canada),824240,billieknight,,2025-06-02 02:11:22 UTC,2025-06-02 02:12:15 UTC,research,,https://www.inaturalist.org/observations/286162652,https://static.inaturalist.org/photos/514419273/medium.jpg,,"","",1,0,false,3,"17th Ave NW, Bradenton, FL, US",27.5139082859,-82.6596937076,61,,,,61,,,false,,,Yellow-crowned Night Heron,Nyctanassa violacea,Yellow-crowned Night Heron,Aves,4999,
288246379,0afcef3f-54ba-420c-abdf-dbabdef2a49e,2025/05/22 5:45 PM,2025-05-22,2025-05-22 21:45:00 UTC,Eastern Time (US & Canada),641829,brice_c,Brice C.,2025-06-09 17:20:02 UTC,2025-06-09 19:04:32 UTC,research,CC-BY-NC,https://www.inaturalist.org/observations/288246379,https://inaturalist-open-data.s3.amazonaws.com/photos/518341427/medium.jpg,,"",,1,0,false,,"Manatee County, FL, USA",27.5137408936,-82.6596001135,7,,,,7,,open,false,,,North American Common Gallinule,Gallinula galeata cachinnans,North American Common Gallinule,Aves,367388,
288246394,1206ed81-1c66-446e-b0f4-75c38853edc1,2025/05/22 5:50 PM,2025-05-22,2025-05-22 21:50:00 UTC,Eastern Time (US & Canada),641829,brice_c,Brice C.,2025-06-09 17:20:07 UTC,2026-06-18 04:10:24 UTC,research,CC-BY-NC,https://www.inaturalist.org/observations/288246394,https://inaturalist-open-data.s3.amazonaws.com/photos/518341400/medium.jpg,,"",Lot's of real big ones in here!,1,0,false,,"Manatee County, FL, USA",27.5134764549,-82.6595644855,11,,,,11,,open,false,,,Atlantic Blue Crab,Callinectes sapidus,Atlantic Blue Crab,Animalia,49504,PSBP-99955
288246402,a5e187f8-794c-42f0-b0e0-2c4747856745,2025/05/22 5:53 PM,2025-05-22,2025-05-22 21:53:00 UTC,Eastern Time (US & Canada),641829,brice_c,Brice C.,2025-06-09 17:20:08 UTC,2026-06-18 04:10:22 UTC,research,CC-BY-NC,https://www.inaturalist.org/observations/288246402,https://inaturalist-open-data.s3.amazonaws.com/photos/518341527/medium.jpg,,"",,1,0,false,,"Manatee County, FL, USA",27.5127134075,-82.6594027758,11,,,,11,,,false,,,Mealybug Destroyer,Cryptolaemus montrouzieri,Mealybug Destroyer,Insecta,244084,PSBP-99956
288246410,36a74e5f-e955-41d1-8f14-4ecbb124473f,2025/05/22 6:02 PM,2025-05-22,2025-05-22 22:02:00 UTC,Eastern Time (US & Canada),641829,brice_c,Brice C.,2025-06-09 17:20:09 UTC,2025-09-16 16:32:33 UTC,research,CC-BY-NC,https://www.inaturalist.org/observations/288246410,https://inaturalist-open-data.s3.amazonaws.com/photos/518341522/medium.jpg,,"",,1,0,false,,"Manatee County, FL, USA",27.5129622294,-82.6593229217,16,,,,16,,,false,,,S-banded Tiger Beetle,Cicindelidia trifasciata,S-banded Tiger Beetle,Insecta,1643959,
288246428,b12a4415-3709-4824-8245-01c7c3b4b951,2025/05/22 6:08 PM,2025-05-22,2025-05-22 22:08:00 UTC,Eastern Time (US & Canada),641829,brice_c,Brice C.,2025-06-09 17:20:15 UTC,2025-06-09 18:00:42 UTC,research,CC-BY-NC,https://www.inaturalist.org/observations/288246428,https://inaturalist-open-data.s3.amazonaws.com/photos/518341639/medium.jpg,,"",,1,0,false,,"Manatee County, FL, USA",27.5130825928,-82.6601739072,6,,,,6,,open,false,,,Florida Screech-Owl,Megascops asio floridanus,Florida Screech-Owl,Aves,725930,
295720857,3ae82e58-425f-45a4-8ad7-adffcaf31289,2025-07-06 11:40:51-04:00,2025-07-06,2025-07-06 15:40:51 UTC,Eastern Time (US & Canada),7839238,catalaniclaire,,2025-07-06 15:51:00 UTC,2026-06-18 04:10:11 UTC,research,CC-BY-NC,https://www.inaturalist.org/observations/295720857,https://inaturalist-open-data.s3.amazonaws.com/photos/532393529/medium.jpg,,"","",1,0,false,3,"17th Ave NW, Bradenton, FL, US",27.5140583333,-82.6593866667,3,,,,3,,open,false,,,Eastern Amberwing,Perithemis tenera,Eastern Amberwing,Insecta,59776,PSBP-99960
295722825,54665689-da63-4d6b-a130-cfc5adcdcf16,2025-07-06 11:44:05-04:00,2025-07-06,2025-07-06 15:44:05 UTC,Eastern Time (US & Canada),7839238,catalaniclaire,,2025-07-06 15:57:55 UTC,2026-03-05 04:41:48 UTC,research,CC-BY-NC,https://www.inaturalist.org/observations/295722825,https://inaturalist-open-data.s3.amazonaws.com/photos/532397345/medium.jpg,,"","",3,0,false,3,"16th Cir NW, Bradenton, FL, US",27.5140166667,-82.659095,8,,,,8,,open,false,,,Monarch,Danaus plexippus,Monarch,Insecta,48662,
295723009,f2613df3-466a-4fbc-bd3f-f17744220319,2025-07-06 11:40:44-04:00,2025-07-06,2025-07-06 15:40:44 UTC,Eastern Time (US & Canada),7839238,catalaniclaire,,2025-07-06 15:58:25 UTC,2025-07-06 21:07:04 UTC,research,CC-BY-NC,https://www.inaturalist.org/observations/295723009,https://inaturalist-open-data.s3.amazonaws.com/photos/532397668/medium.jpg,,"","",1,0,false,3,"17th Ave NW, Bradenton, FL, US",27.5140616667,-82.6594,3,,,,3,,,false,,,Florida Mangrove Skipper,Phocides batabano okeechobee,Florida Mangrove Skipper,Insecta,1607213,
295723094,c8fa640c-9416-45f3-bcd6-04cd4510d75a,2025-07-06 11:38:28-04:00,2025-07-06,2025-07-06 15:38:28 UTC,Eastern Time (US & Canada),7839238,catalaniclaire,,2025-07-06 15:58:44 UTC,2026-01-10 23:54:19 UTC,research,CC-BY-NC,https://www.inaturalist.org/observations/295723094,https://inaturalist-open-data.s3.amazonaws.com/photos/532397795/medium.jpg,,"","",2,0,false,3,"17th Ave NW, Bradenton, FL, US",27.51408,-82.6600033333,3,,,,3,,open,false,,,Northern Cardinal,Cardinalis cardinalis,Northern Cardinal,Aves,9083,
295723212,b9eca9e3-bd00-421d-9cde-86065a723c8f,2025-07-06 11:37:27-04:00,2025-07-06,2025-07-06 15:37:27 UTC,Eastern Time (US & Canada),7839238,catalaniclaire,,2025-07-06 15:59:14 UTC,2025-07-06 20:09:26 UTC,research,CC-BY-NC,https://www.inaturalist.org/observations/295723212,https://inaturalist-open-data.s3.amazonaws.com/photos/532398089/medium.jpg,,"","",1,0,false,3,"17th Ave NW, Bradenton, FL, US",27.5141416667,-82.6601783333,4,,,,4,,open,false,,,Common Gallinule,Gallinula galeata,Common Gallinule,Aves,144479,
308007191,5542cdaa-54b8-475c-a6cb-f1ec12384f4f,2025/01/19 2:41 PM,2025-01-19,2025-01-19 19:41:00 UTC,Eastern Time (US & Canada),9658570,jwcemhc,,2025-08-21 17:30:28 UTC,2025-08-22 14:06:32 UTC,research,CC-BY-NC,https://www.inaturalist.org/observations/308007191,https://inaturalist-open-data.s3.amazonaws.com/photos/555633866/medium.jpg,,"Bradenton Florida, Palma Sola Botanical Park","",3,0,false,,"Manatee County, FL, USA",27.5135248493,-82.6598330845,4,,,,4,,,false,,,Wood Stork,Mycteria americana,Wood Stork,Aves,4742,
319791314,47e2e1b2-de2b-4b02-8dae-543f9b25a837,2025/10/09 11:13 AM,2025-10-09,2025-10-09 15:13:00 UTC,Eastern Time (US & Canada),9684218,ardeljan_a_691,Ardeljan_A_691,2025-10-09 16:51:00 UTC,2025-10-09 18:14:56 UTC,research,CC-BY-NC,https://www.inaturalist.org/observations/319791314,https://inaturalist-open-data.s3.amazonaws.com/photos/578110100/medium.jpg,,"",Deuterostome,2,0,false,,"Manatee County, FL, USA",27.5136,-82.6593944444,4,,,,4,,open,false,,,Florida Red-bellied Cooter,Pseudemys nelsoni,Florida Red-bellied Cooter,Reptilia,39824,
320073682,8b75b599-f5c7-4a06-9774-6700ae2f8321,2024/05/27 9:21 AM,2024-05-27,2024-05-27 13:21:00 UTC,Eastern Time (US & Canada),9658570,jwcemhc,,2025-10-11 01:38:59 UTC,2025-11-13 15:12:47 UTC,research,CC-BY-NC,https://www.inaturalist.org/observations/320073682,https://inaturalist-open-data.s3.amazonaws.com/photos/578652546/medium.jpg,,"",,2,0,false,,"Manatee County, FL, USA",27.5135344525,-82.6596796747,8,,,,8,,open,false,,,Florida Softshell Turtle,Apalone ferox,Florida Softshell Turtle,Reptilia,39566,
328061189,163daf8f-e144-467c-8492-b82dd3b4bc6e,2025-11-22 10:32:02,2025-11-22,2025-11-22 15:32:02 UTC,Eastern Time (US & Canada),2170329,jerseymeg,,2025-11-24 15:15:14 UTC,2026-06-18 04:09:48 UTC,research,CC-BY-NC,https://www.inaturalist.org/observations/328061189,https://inaturalist-open-data.s3.amazonaws.com/photos/594396637/medium.jpg,,"",,2,0,false,2,"Palma Sola, FL 34209, USA",27.5133301,-82.6601806,,,,,,,open,false,gps,gps,Northern Mockingbird,Mimus polyglottos,Northern Mockingbird,Aves,14886,PSBP-99968
328293678,dd6d7937-9fc1-4473-99b3-fefc9404973d,2025-11-22 15:21:30-05:00,2025-11-22,2025-11-22 20:21:30 UTC,Eastern Time (US & Canada),7811496,katiet5,,2025-11-26 03:09:44 UTC,2026-03-21 14:15:22 UTC,research,CC-BY-NC,https://www.inaturalist.org/observations/328293678,https://inaturalist-open-data.s3.amazonaws.com/photos/594861384/medium.jpg,,"","",1,0,false,3,"Palma Sola Botanical Park, Bradenton, FL, US",27.5138966667,-82.6593333333,4,,,,4,,,false,,,Tipula furca,Tipula furca,,Insecta,321686,
328293707,dd5b73a0-a8f2-4a50-b470-02cbbe2c5af4,2025-11-22 15:20:25-05:00,2025-11-22,2025-11-22 20:20:25 UTC,Eastern Time (US & Canada),7811496,katiet5,,2025-11-26 03:10:02 UTC,2026-06-18 04:10:30 UTC,research,CC-BY-NC,https://www.inaturalist.org/observations/328293707,https://inaturalist-open-data.s3.amazonaws.com/photos/594861482/medium.jpg,,"","",1,0,false,3,"Palma Sola Botanical Park, Bradenton, FL, US",27.5139133333,-82.6590633333,5,,,,5,,,false,,,Cassius Blue,Leptotes cassius,Cassius Blue,Insecta,51534,PSBP-99953
335724048,b652b700-06db-4217-adaf-577019ed01dc,2026-01-22 11:15:26-05:00,2026-01-22,2026-01-22 16:15:26 UTC,Eastern Time (US & Canada),364451,joycem1218,,2026-01-22 16:15:39 UTC,2026-01-22 17:30:13 UTC,research,CC-BY-NC,https://www.inaturalist.org/observations/335724048,https://inaturalist-open-data.s3.amazonaws.com/photos/609950059/medium.jpg,,"","",2,0,false,3,"Manatee County, US-FL, US",27.5139380187,-82.6599873942,45,,,,45,,open,false,,,Double-crested Cormorant,Nannopterum auritum,Double-crested Cormorant,Aves,1454382,
335724271,e1daa17b-57f2-45da-8833-2a1e44a9d7f6,2026-01-22 11:15:51-05:00,2026-01-22,2026-01-22 16:15:51 UTC,Eastern Time (US & Canada),364451,joycem1218,,2026-01-22 16:18:19 UTC,2026-01-22 18:15:25 UTC,research,CC-BY-NC,https://www.inaturalist.org/observations/335724271,https://inaturalist-open-data.s3.amazonaws.com/photos/609965586/medium.jpg,,"","",2,0,false,3,"Palma Sola Botanical Park, Bradenton, FL, US",27.5139155099,-82.6601709102,17,,,,17,,open,false,,,Anhinga,Anhinga anhinga,Anhinga,Aves,5063,
337221869,5fee8573-98b3-49bd-b42e-7de1fb4d1fbe,2026-02-03 11:34:27-05:00,2026-02-03,2026-02-03 16:34:27 UTC,Eastern Time (US & Canada),2652079,mewells,Mark E. Wells,2026-02-03 16:34:42 UTC,2026-02-03 22:35:33 UTC,research,CC-BY-NC,https://www.inaturalist.org/observations/337221869,https://inaturalist-open-data.s3.amazonaws.com/photos/613021640/medium.jpg,,"","",2,0,false,3,"Palma Sola Botanical Park, Bradenton, FL, US",27.5132227448,-82.6600775569,6,,,,6,,,false,,,Wood Stork,Mycteria americana,Wood Stork,Aves,4742,
337245053,748ebf3d-d3f9-4af9-bd16-fd60ce17bcb8,2026-02-03 11:36:27-05:00,2026-02-03,2026-02-03 16:36:27 UTC,Eastern Time (US & Canada),2652079,mewells,Mark E. Wells,2026-02-03 20:35:19 UTC,2026-02-03 21:15:53 UTC,research,CC-BY-NC,https://www.inaturalist.org/observations/337245053,https://inaturalist-open-data.s3.amazonaws.com/photos/613021665/medium.jpg,,"","",2,0,false,3,"Palma Sola Botanical Park, Bradenton, FL, US",27.5129446231,-82.6601720402,6,,,,6,,open,false,,,Great Egret,Ardea alba,Great Egret,Aves,144455,
339382306,c0a3c4b3-e5a7-433a-b6b8-68e57c4d362e,2022-02-20 12:37:43-05:00,2022-02-20,2022-02-20 17:37:43 UTC,Eastern Time (US & Canada),8998503,kcstanyard,,2026-02-20 03:40:26 UTC,2026-02-20 10:42:34 UTC,research,CC-BY-NC,https://www.inaturalist.org/observations/339382306,https://inaturalist-open-data.s3.amazonaws.com/photos/617374553/medium.jpg,,"","",1,0,false,3,"Palma Sola Botanical Park, Bradenton, FL, US",27.51398,-82.6601783333,35,,,,35,,open,false,,,White Ibis,Eudocimus albus,White Ibis,Aves,3751,
344003071,e1ee7a68-5bab-4f33-8af3-afb89231f445,2026-03-20 10:54:18,2026-03-20,2026-03-20 14:54:18 UTC,Eastern Time (US & Canada),7748611,jsea,,2026-03-20 16:19:05 UTC,2026-03-23 02:16:16 UTC,research,CC-BY-NC,https://www.inaturalist.org/observations/344003071,https://inaturalist-open-data.s3.amazonaws.com/photos/626736578/medium.jpg,,"",,2,0,false,843,"99th St NW, Bradenton, FL, US",27.5130083333,-82.6602633333,3,,,,3,,open,false,,,White Ibis,Eudocimus albus,White Ibis,Aves,3751,
344004848,a8e3b27a-02fa-4618-9ef6-585e67119325,2026-03-20 11:17:03,2026-03-20,2026-03-20 15:17:03 UTC,Eastern Time (US & Canada),7748611,jsea,,2026-03-20 16:28:11 UTC,2026-03-23 00:21:27 UTC,research,CC-BY-NC,https://www.inaturalist.org/observations/344004848,https://inaturalist-open-data.s3.amazonaws.com/photos/626740207/medium.jpg,,"",,2,0,false,843,"17th Ave NW, Bradenton, FL, US",27.5137416667,-82.6597966667,20,,,,20,,open,false,,,Monarch,Danaus plexippus,Monarch,Insecta,48662,
344005669,3f6cd3bf-0df5-409d-9d05-08e533a44c98,2026-03-20 10:42:12,2026-03-20,2026-03-20 14:42:12 UTC,Eastern Time (US & Canada),7748611,jsea,,2026-03-20 16:34:09 UTC,2026-03-23 00:21:12 UTC,research,CC-BY-NC,https://www.inaturalist.org/observations/344005669,https://inaturalist-open-data.s3.amazonaws.com/photos/626742167/medium.jpg,,"",,2,0,false,843,"17th Ave NW, Bradenton, FL, US",27.51393,-82.6590583333,6,,,,6,,open,false,,,Monarch,Danaus plexippus,Monarch,Insecta,48662,
348374886,1efc9fd5-6833-486a-bd09-7a4ec818706d,2026-04-08 12:06:40,2026-04-08,2026-04-08 16:06:40 UTC,Eastern Time (US & Canada),9572261,coleguyton,Cole Guyton,2026-04-08 21:38:24 UTC,2026-04-09 00:11:17 UTC,research,CC-BY-NC,https://www.inaturalist.org/observations/348374886,https://inaturalist-open-data.s3.amazonaws.com/photos/635345903/medium.jpg,,"",,2,0,false,843,"17th Ave NW, Bradenton, FL, US",27.5140166667,-82.6591283333,5,,,,5,,open,false,,,Brown Anole,Anolis sagrei,Brown Anole,Reptilia,116461,
348374926,3a49cc9f-3460-47bd-9138-b7ef5cc3482e,2026-04-08 12:06:15,2026-04-08,2026-04-08 16:06:15 UTC,Eastern Time (US & Canada),9572261,coleguyton,Cole Guyton,2026-04-08 21:38:39 UTC,2026-04-08 21:39:32 UTC,research,CC-BY-NC,https://www.inaturalist.org/observations/348374926,https://inaturalist-open-data.s3.amazonaws.com/photos/635346033/medium.jpg,,"",,1,0,false,843,"17th Ave NW, Bradenton, FL, US",27.5139216667,-82.6590416667,13,,,,13,,open,false,,,Brown Anole,Anolis sagrei,Brown Anole,Reptilia,116461,
348375060,ec38d380-df74-4598-88aa-fec925fb8721,2026-04-08 12:05:56,2026-04-08,2026-04-08 16:05:56 UTC,Eastern Time (US & Canada),9572261,coleguyton,Cole Guyton,2026-04-08 21:39:18 UTC,2026-05-15 01:54:05 UTC,research,CC-BY-NC,https://www.inaturalist.org/observations/348375060,https://inaturalist-open-data.s3.amazonaws.com/photos/635346232/medium.jpg,,"",,1,0,false,843,"17th Ave NW, Bradenton, FL, US",27.5139216667,-82.6590416667,13,,,,13,,open,false,,,Monarch,Danaus plexippus,Monarch,Insecta,48662,
348375110,8292bd69-a8f1-4b44-b50b-73e7087e73e9,2026-04-08 12:05:48,2026-04-08,2026-04-08 16:05:48 UTC,Eastern Time (US & Canada),9572261,coleguyton,Cole Guyton,2026-04-08 21:39:40 UTC,2026-04-08 22:07:53 UTC,research,CC-BY-NC,https://www.inaturalist.org/observations/348375110,https://inaturalist-open-data.s3.amazonaws.com/photos/635346355/medium.jpg,,"",,1,0,false,843,"17th Ave NW, Bradenton, FL, US",27.5139216667,-82.6590416667,13,,,,13,,open,false,,,Cloudless Sulphur,Phoebis sennae,Cloudless Sulphur,Insecta,48550,
348375638,f0428cb2-a945-4dc8-9654-b948a6437d30,2026-04-08 12:05:09,2026-04-08,2026-04-08 16:05:09 UTC,Eastern Time (US & Canada),9572261,coleguyton,Cole Guyton,2026-04-08 21:42:19 UTC,2026-04-08 21:56:35 UTC,research,CC-BY-NC,https://www.inaturalist.org/observations/348375638,https://inaturalist-open-data.s3.amazonaws.com/photos/635347321/medium.jpg,,"",,1,0,false,843,"17th Ave NW, Bradenton, FL, US",27.5138716667,-82.6591416667,15,,,,15,,open,false,,,Brown Anole,Anolis sagrei,Brown Anole,Reptilia,116461,
348375676,8e00454b-9c9d-4761-87ef-302cefd0ffa4,2026-04-08 12:01:13,2026-04-08,2026-04-08 16:01:13 UTC,Eastern Time (US & Canada),9572261,coleguyton,Cole Guyton,2026-04-08 21:42:33 UTC,2026-04-08 22:13:59 UTC,research,CC-BY-NC,https://www.inaturalist.org/observations/348375676,https://inaturalist-open-data.s3.amazonaws.com/photos/635347394/medium.jpg,,"",,1,0,false,843,"99th St NW, Bradenton, FL, US",27.5137783333,-82.660055,26,,,,26,,open,false,,,Brown Anole,Anolis sagrei,Brown Anole,Reptilia,116461,
348375741,1d5607d7-897e-462d-bd6b-53be2dfaca62,2026-04-08 11:59:15,2026-04-08,2026-04-08 15:59:15 UTC,Eastern Time (US & Canada),9572261,coleguyton,Cole Guyton,2026-04-08 21:42:47 UTC,2026-04-08 21:56:23 UTC,research,CC-BY-NC,https://www.inaturalist.org/observations/348375741,https://inaturalist-open-data.s3.amazonaws.com/photos/635347465/medium.jpg,,"",,1,0,false,843,"99th St NW, Bradenton, FL, US",27.5134883333,-82.6601716667,51,,,,51,,open,false,,,Brown Anole,Anolis sagrei,Brown Anole,Reptilia,116461,
348376051,b2414c66-6080-43c2-b89b-ac22382dce4e,2026-04-08 11:46:02,2026-04-08,2026-04-08 15:46:02 UTC,Eastern Time (US & Canada),9572261,coleguyton,Cole Guyton,2026-04-08 21:44:01 UTC,2026-04-08 21:57:08 UTC,research,CC-BY-NC,https://www.inaturalist.org/observations/348376051,https://inaturalist-open-data.s3.amazonaws.com/photos/635347951/medium.jpg,,"",LIFER!!,1,0,false,843,"99th St NW, Bradenton, FL, US",27.5131666667,-82.6601116667,12,,,,12,,open,false,,,Mottled Duck,Anas fulvigula,Mottled Duck,Aves,6948,
348792609,46dd0dd4-9749-4b78-b171-1a2397e54eea,2026-04-10 16:09:31-04:00,2026-04-10,2026-04-10 20:09:31 UTC,Eastern Time (US & Canada),1940342,bluenatty,Natalie Hill,2026-04-10 20:10:32 UTC,2026-04-11 13:32:27 UTC,needs_id,CC-BY-NC,https://www.inaturalist.org/observations/348792609,https://inaturalist-open-data.s3.amazonaws.com/photos/636178857/medium.jpg,,"","",1,0,false,3,"99th St NW, Bradenton, FL, US",27.5129033545,-82.6604061185,8,,,,8,,,false,,,Mydas Flies,Mydidae,Mydas Flies,Insecta,121526,
349782424,e9143012-d2f0-48e2-b067-8d074bc7a63b,2026/04/08 11:13 AM,2026-04-08,2026-04-08 15:13:00 UTC,Eastern Time (US & Canada),9572261,coleguyton,Cole Guyton,2026-04-14 14:50:45 UTC,2026-04-15 04:51:33 UTC,research,CC-BY-NC,https://www.inaturalist.org/observations/349782424,https://inaturalist-open-data.s3.amazonaws.com/photos/638116543/medium.jpg,,"",,2,0,false,,"9800 17th Ave NW, Bradenton, FL 34209, USA",27.5135044,-82.6598086,37,,,,37,,open,false,,,Great Egret,Ardea alba,Great Egret,Aves,144455,
349782425,108ee300-4edb-4733-8b96-872a247378ca,2026/04/08 11:15 AM,2026-04-08,2026-04-08 15:15:00 UTC,Eastern Time (US & Canada),9572261,coleguyton,Cole Guyton,2026-04-14 14:50:45 UTC,2026-06-18 04:10:00 UTC,research,CC-BY-NC,https://www.inaturalist.org/observations/349782425,https://inaturalist-open-data.s3.amazonaws.com/photos/638116545/medium.jpg,,"",,2,1,false,,"9800 17th Ave NW, Bradenton, FL 34209, USA",27.5135044,-82.6598086,37,,,,37,,open,false,,,Mallard × Mottled Duck,Anas platyrhynchos × fulvigula,Mallard × Mottled Duck,Aves,465713,PSBP-99964
349782426,536bb688-358b-44d7-b483-ad342cbde01d,2026/04/08 11:15 AM,2026-04-08,2026-04-08 15:15:00 UTC,Eastern Time (US & Canada),9572261,coleguyton,Cole Guyton,2026-04-14 14:50:45 UTC,2026-04-26 23:21:14 UTC,needs_id,CC-BY-NC,https://www.inaturalist.org/observations/349782426,https://inaturalist-open-data.s3.amazonaws.com/photos/638116548/medium.jpg,,"",,3,0,false,,"9800 17th Ave NW, Bradenton, FL 34209, USA",27.5135044,-82.6598086,37,,,,37,,open,false,,,Mallard × Mottled Duck,Anas,"Mallards, Pintails, and Allies",Aves,6922,
349782427,d5595968-6707-4563-88ed-ca53cf8c5cc5,2026/04/08 11:17 AM,2026-04-08,2026-04-08 15:17:00 UTC,Eastern Time (US & Canada),9572261,coleguyton,Cole Guyton,2026-04-14 14:50:46 UTC,2026-04-14 19:53:40 UTC,research,CC-BY-NC,https://www.inaturalist.org/observations/349782427,https://inaturalist-open-data.s3.amazonaws.com/photos/638116589/medium.jpg,,"",,2,0,false,,"9800 17th Ave NW, Bradenton, FL 34209, USA",27.5135044,-82.6598086,37,,,,37,,open,false,,,Florida Softshell Turtle,Apalone ferox,Florida Softshell Turtle,Reptilia,39566,
349782429,a83d3fd3-e7e7-4baa-a21d-ee9ed3c0ece3,2026/04/08 11:17 AM,2026-04-08,2026-04-08 15:17:00 UTC,Eastern Time (US & Canada),9572261,coleguyton,Cole Guyton,2026-04-14 14:50:46 UTC,2026-04-15 04:51:19 UTC,research,CC-BY-NC,https://www.inaturalist.org/observations/349782429,https://inaturalist-open-data.s3.amazonaws.com/photos/638116588/medium.jpg,,"",,3,0,false,,"9800 17th Ave NW, Bradenton, FL 34209, USA",27.5135044,-82.6598086,37,,,,37,,open,false,,,Tricolored Heron,Egretta tricolor,Tricolored Heron,Aves,4938,
349782430,5e785bb0-f4fc-4976-a279-ba1bb0546a69,2026/04/08 11:17 AM,2026-04-08,2026-04-08 15:17:00 UTC,Eastern Time (US & Canada),9572261,coleguyton,Cole Guyton,2026-04-14 14:50:46 UTC,2026-04-15 13:00:58 UTC,research,CC-BY-NC,https://www.inaturalist.org/observations/349782430,https://inaturalist-open-data.s3.amazonaws.com/photos/638116591/medium.jpg,,"",LIFER!!,2,0,false,,"9800 17th Ave NW, Bradenton, FL 34209, USA",27.5135044,-82.6598086,37,,,,37,,open,false,,,North American Common Gallinule,Gallinula galeata cachinnans,North American Common Gallinule,Aves,367388,
349782433,60cf1166-caf8-4c63-a85b-170fd88440f8,2026/04/08 11:20 AM,2026-04-08,2026-04-08 15:20:00 UTC,Eastern Time (US & Canada),9572261,coleguyton,Cole Guyton,2026-04-14 14:50:47 UTC,2026-06-18 04:10:02 UTC,research,CC-BY-NC,https://www.inaturalist.org/observations/349782433,https://inaturalist-open-data.s3.amazonaws.com/photos/638116626/medium.jpg,,"",,2,0,false,,"9800 17th Ave NW, Bradenton, FL 34209, USA",27.5135044,-82.6598086,37,,,,37,,open,false,,,Mourning Dove,Zenaida macroura,Mourning Dove,Aves,3454,PSBP-99963
349782434,b501d2ad-f3f8-4cd6-9460-01692e87b55b,2026/04/08 11:20 AM,2026-04-08,2026-04-08 15:20:00 UTC,Eastern Time (US & Canada),9572261,coleguyton,Cole Guyton,2026-04-14 14:50:47 UTC,2026-04-16 19:43:31 UTC,research,CC-BY-NC,https://www.inaturalist.org/observations/349782434,https://inaturalist-open-data.s3.amazonaws.com/photos/638116620/medium.jpg,,"",,4,0,false,,"9800 17th Ave NW, Bradenton, FL 34209, USA",27.5135044,-82.6598086,37,,,,37,,open,false,,,White Ibis,Eudocimus albus,White Ibis,Aves,3751,
349782435,466f3ed2-a11e-449c-a2a2-67cef8d34a16,2026/04/08 11:20 AM,2026-04-08,2026-04-08 15:20:00 UTC,Eastern Time (US & Canada),9572261,coleguyton,Cole Guyton,2026-04-14 14:50:47 UTC,2026-04-16 19:43:37 UTC,research,CC-BY-NC,https://www.inaturalist.org/observations/349782435,https://inaturalist-open-data.s3.amazonaws.com/photos/638116661/medium.jpg,,"",,4,0,false,,"9800 17th Ave NW, Bradenton, FL 34209, USA",27.5135044,-82.6598086,37,,,,37,,open,false,,,White Ibis,Eudocimus albus,White Ibis,Aves,3751,
349782437,c889dfba-32b2-4b0b-af7f-7600ce27770d,2026/04/08 11:24 AM,2026-04-08,2026-04-08 15:24:00 UTC,Eastern Time (US & Canada),9572261,coleguyton,Cole Guyton,2026-04-14 14:50:48 UTC,2026-04-15 04:50:55 UTC,research,CC-BY-NC,https://www.inaturalist.org/observations/349782437,https://inaturalist-open-data.s3.amazonaws.com/photos/638116658/medium.jpg,,"",,3,0,false,,"9800 17th Ave NW, Bradenton, FL 34209, USA",27.5135044,-82.6598086,37,,,,37,,open,false,,,Tricolored Heron,Egretta tricolor,Tricolored Heron,Aves,4938,
349782439,3008af53-6a4f-48ab-ba51-8f4119162e6f,2026/04/08 11:26 AM,2026-04-08,2026-04-08 15:26:00 UTC,Eastern Time (US & Canada),9572261,coleguyton,Cole Guyton,2026-04-14 14:50:48 UTC,2026-04-15 12:59:57 UTC,research,CC-BY-NC,https://www.inaturalist.org/observations/349782439,https://inaturalist-open-data.s3.amazonaws.com/photos/638116722/medium.jpg,,"",,1,0,false,,"9800 17th Ave NW, Bradenton, FL 34209, USA",27.5135044,-82.6598086,37,,,,37,,open,false,,,Peninsular Cooter,Pseudemys peninsularis,Peninsular Cooter,Reptilia,39825,
349782440,2d175926-9a62-46c3-8aed-71b0a0c380b4,2026/04/08 11:29 AM,2026-04-08,2026-04-08 15:29:00 UTC,Eastern Time (US & Canada),9572261,coleguyton,Cole Guyton,2026-04-14 14:50:48 UTC,2026-04-14 15:06:57 UTC,research,CC-BY-NC,https://www.inaturalist.org/observations/349782440,https://inaturalist-open-data.s3.amazonaws.com/photos/638116721/medium.jpg,,"",,1,0,false,,"9800 17th Ave NW, Bradenton, FL 34209, USA",27.5135044,-82.6598086,37,,,,37,,open,false,,,Brown Anole,Anolis sagrei,Brown Anole,Reptilia,116461,
349782441,f0b1a6f1-efdd-49a2-a1ad-bbdf4cd43d1a,2026/04/08 11:29 AM,2026-04-08,2026-04-08 15:29:00 UTC,Eastern Time (US & Canada),9572261,coleguyton,Cole Guyton,2026-04-14 14:50:48 UTC,2026-04-14 16:25:56 UTC,research,CC-BY-NC,https://www.inaturalist.org/observations/349782441,https://inaturalist-open-data.s3.amazonaws.com/photos/638116724/medium.jpg,,"",,1,0,false,,"9800 17th Ave NW, Bradenton, FL 34209, USA",27.5135044,-82.6598086,37,,,,37,,open,false,,,Brown Anole,Anolis sagrei,Brown Anole,Reptilia,116461,
349782444,e7d7e8ae-3822-462a-942c-aa1e0a485930,2026/04/08 11:30 AM,2026-04-08,2026-04-08 15:30:00 UTC,Eastern Time (US & Canada),9572261,coleguyton,Cole Guyton,2026-04-14 14:50:49 UTC,2026-04-14 19:54:33 UTC,research,CC-BY-NC,https://www.inaturalist.org/observations/349782444,https://inaturalist-open-data.s3.amazonaws.com/photos/638116759/medium.jpg,,"",,2,0,false,,"9800 17th Ave NW, Bradenton, FL 34209, USA",27.5135044,-82.6598086,37,,,,37,,open,false,,,Brown Anole,Anolis sagrei,Brown Anole,Reptilia,116461,
349782445,3624bb46-44da-498d-9255-274326b77ccd,2026/04/08 11:33 AM,2026-04-08,2026-04-08 15:33:00 UTC,Eastern Time (US & Canada),9572261,coleguyton,Cole Guyton,2026-04-14 14:50:49 UTC,2026-04-14 15:06:41 UTC,research,CC-BY-NC,https://www.inaturalist.org/observations/349782445,https://inaturalist-open-data.s3.amazonaws.com/photos/638116756/medium.jpg,,"",,1,0,false,,"9800 17th Ave NW, Bradenton, FL 34209, USA",27.5135044,-82.6598086,37,,,,37,,open,false,,,Brown Anole,Anolis sagrei,Brown Anole,Reptilia,116461,
349782446,74b9b7f0-319c-46ef-ac43-8586cbd185c6,2026/04/08 11:34 AM,2026-04-08,2026-04-08 15:34:00 UTC,Eastern Time (US & Canada),9572261,coleguyton,Cole Guyton,2026-04-14 14:50:49 UTC,2026-04-14 15:33:15 UTC,research,CC-BY-NC,https://www.inaturalist.org/observations/349782446,https://inaturalist-open-data.s3.amazonaws.com/photos/638116766/medium.jpg,,"",,1,0,false,,"9800 17th Ave NW, Bradenton, FL 34209, USA",27.5135044,-82.6598086,37,,,,37,,open,false,,,Eastern Gray Squirrel,Sciurus carolinensis,Eastern Gray Squirrel,Mammalia,46017,
349782451,1a7fcd50-4791-4740-b796-6d28b77641da,2026/04/08 11:37 AM,2026-04-08,2026-04-08 15:37:00 UTC,Eastern Time (US & Canada),9572261,coleguyton,Cole Guyton,2026-04-14 14:50:50 UTC,2026-04-14 16:25:55 UTC,research,CC-BY-NC,https://www.inaturalist.org/observations/349782451,https://inaturalist-open-data.s3.amazonaws.com/photos/638116788/medium.jpg,,"",,1,0,false,,"9800 17th Ave NW, Bradenton, FL 34209, USA",27.5135044,-82.6598086,37,,,,37,,open,false,,,Brown Anole,Anolis sagrei,Brown Anole,Reptilia,116461,
349782452,4547e949-8434-466f-84d1-7c591eee8775,2026/04/08 11:37 AM,2026-04-08,2026-04-08 15:37:00 UTC,Eastern Time (US & Canada),9572261,coleguyton,Cole Guyton,2026-04-14 14:50:50 UTC,2026-04-14 16:25:54 UTC,research,CC-BY-NC,https://www.inaturalist.org/observations/349782452,https://inaturalist-open-data.s3.amazonaws.com/photos/638116792/medium.jpg,,"",,1,0,false,,"9800 17th Ave NW, Bradenton, FL 34209, USA",27.5135044,-82.6598086,37,,,,37,,open,false,,,Brown Anole,Anolis sagrei,Brown Anole,Reptilia,116461,
349782453,fdcf0ad3-cf87-4f8f-bb13-e6c41bdcbe42,2026/04/08 11:37 AM,2026-04-08,2026-04-08 15:37:00 UTC,Eastern Time (US & Canada),9572261,coleguyton,Cole Guyton,2026-04-14 14:50:50 UTC,2026-04-14 15:06:30 UTC,research,CC-BY-NC,https://www.inaturalist.org/observations/349782453,https://inaturalist-open-data.s3.amazonaws.com/photos/638116795/medium.jpg,,"",,1,0,false,,"Manatee County, FL, USA",27.513111438,-82.6598092138,31,,,,31,,open,false,,,Brown Anole,Anolis sagrei,Brown Anole,Reptilia,116461,
349782454,9f8d1a63-05c1-46c3-ae9b-8ff43eb657c3,2026/04/08 11:37 AM,2026-04-08,2026-04-08 15:37:00 UTC,Eastern Time (US & Canada),9572261,coleguyton,Cole Guyton,2026-04-14 14:50:51 UTC,2026-04-14 16:25:51 UTC,research,CC-BY-NC,https://www.inaturalist.org/observations/349782454,https://inaturalist-open-data.s3.amazonaws.com/photos/638116825/medium.jpg,,"",,1,0,false,,"Manatee County, FL, USA",27.513111438,-82.6598092138,31,,,,31,,open,false,,,Brown Anole,Anolis sagrei,Brown Anole,Reptilia,116461,
349782455,262e414e-5ac9-46c2-b31b-f16730538598,2026/04/08 11:37 AM,2026-04-08,2026-04-08 15:37:00 UTC,Eastern Time (US & Canada),9572261,coleguyton,Cole Guyton,2026-04-14 14:50:51 UTC,2026-04-16 19:43:44 UTC,research,CC-BY-NC,https://www.inaturalist.org/observations/349782455,https://inaturalist-open-data.s3.amazonaws.com/photos/638116831/medium.jpg,,"",,4,0,false,,"Manatee County, FL, USA",27.513111438,-82.6598092138,31,,,,31,,open,false,,,White Ibis,Eudocimus albus,White Ibis,Aves,3751,
349782456,1dcb03aa-135c-46be-8ca3-03e1cae744e3,2026/04/08 11:37 AM,2026-04-08,2026-04-08 15:37:00 UTC,Eastern Time (US & Canada),9572261,coleguyton,Cole Guyton,2026-04-14 14:50:51 UTC,2026-04-14 16:25:50 UTC,research,CC-BY-NC,https://www.inaturalist.org/observations/349782456,https://inaturalist-open-data.s3.amazonaws.com/photos/638116832/medium.jpg,,"",,1,0,false,,"Manatee County, FL, USA",27.513111438,-82.6598092138,31,,,,31,,open,false,,,Brown Anole,Anolis sagrei,Brown Anole,Reptilia,116461,
349782461,5ecedf67-042e-46db-9b53-8f391deebe6d,2026/04/08 11:37 AM,2026-04-08,2026-04-08 15:37:00 UTC,Eastern Time (US & Canada),9572261,coleguyton,Cole Guyton,2026-04-14 14:50:52 UTC,2026-04-14 15:06:23 UTC,research,CC-BY-NC,https://www.inaturalist.org/observations/349782461,https://inaturalist-open-data.s3.amazonaws.com/photos/638116861/medium.jpg,,"",,1,0,false,,"Manatee County, FL, USA",27.513111438,-82.6598092138,31,,,,31,,open,false,,,Brown Anole,Anolis sagrei,Brown Anole,Reptilia,116461,
349782462,717341c5-ddd2-4280-b736-7ad9c2041303,2026/04/08 11:37 AM,2026-04-08,2026-04-08 15:37:00 UTC,Eastern Time (US & Canada),9572261,coleguyton,Cole Guyton,2026-04-14 14:50:52 UTC,2026-04-14 16:25:49 UTC,research,CC-BY-NC,https://www.inaturalist.org/observations/349782462,https://inaturalist-open-data.s3.amazonaws.com/photos/638116873/medium.jpg,,"",,1,0,false,,"Manatee County, FL, USA",27.513111438,-82.6598092138,31,,,,31,,open,false,,,Brown Anole,Anolis sagrei,Brown Anole,Reptilia,116461,
349782464,e4b14a91-546a-4c30-85d9-0135f230a826,2026/04/08 11:38 AM,2026-04-08,2026-04-08 15:38:00 UTC,Eastern Time (US & Canada),9572261,coleguyton,Cole Guyton,2026-04-14 14:50:52 UTC,2026-04-14 15:33:09 UTC,research,CC-BY-NC,https://www.inaturalist.org/observations/349782464,https://inaturalist-open-data.s3.amazonaws.com/photos/638116893/medium.jpg,,"",,1,0,false,,"Manatee County, FL, USA",27.513111438,-82.6598092138,31,,,,31,,open,false,,,Eastern Gray Squirrel,Sciurus carolinensis,Eastern Gray Squirrel,Mammalia,46017,
349782468,1a66f5d1-c789-481b-89b8-d692959353d5,2026/04/08 11:38 AM,2026-04-08,2026-04-08 15:38:00 UTC,Eastern Time (US & Canada),9572261,coleguyton,Cole Guyton,2026-04-14 14:50:53 UTC,2026-04-14 15:33:05 UTC,research,CC-BY-NC,https://www.inaturalist.org/observations/349782468,https://inaturalist-open-data.s3.amazonaws.com/photos/638116896/medium.jpg,,"",,1,0,false,,"Manatee County, FL, USA",27.513111438,-82.6598092138,31,,,,31,,open,false,,,Eastern Gray Squirrel,Sciurus carolinensis,Eastern Gray Squirrel,Mammalia,46017,
349782469,52f795f3-2fc5-42dd-932b-8db2338d963b,2026/04/08 11:38 AM,2026-04-08,2026-04-08 15:38:00 UTC,Eastern Time (US & Canada),9572261,coleguyton,Cole Guyton,2026-04-14 14:50:53 UTC,2026-04-14 16:25:46 UTC,research,CC-BY-NC,https://www.inaturalist.org/observations/349782469,https://inaturalist-open-data.s3.amazonaws.com/photos/638116898/medium.jpg,,"",,1,0,false,,"Manatee County, FL, USA",27.513111438,-82.6598092138,31,,,,31,,open,false,,,Brown Anole,Anolis sagrei,Brown Anole,Reptilia,116461,
349782474,6855aca2-9bfb-425c-80ec-7721decd4d96,2026/04/08 11:39 AM,2026-04-08,2026-04-08 15:39:00 UTC,Eastern Time (US & Canada),9572261,coleguyton,Cole Guyton,2026-04-14 14:50:54 UTC,2026-04-14 16:25:46 UTC,research,CC-BY-NC,https://www.inaturalist.org/observations/349782474,https://inaturalist-open-data.s3.amazonaws.com/photos/638116963/medium.jpg,,"",,1,0,false,,"Manatee County, FL, USA",27.513111438,-82.6598092138,31,,,,31,,open,false,,,Brown Anole,Anolis sagrei,Brown Anole,Reptilia,116461,
349782479,f3e24730-a815-47cb-a619-edf8118a8412,2026/04/08 11:39 AM,2026-04-08,2026-04-08 15:39:00 UTC,Eastern Time (US & Canada),9572261,coleguyton,Cole Guyton,2026-04-14 14:50:56 UTC,2026-04-14 15:06:01 UTC,research,CC-BY-NC,https://www.inaturalist.org/observations/349782479,https://inaturalist-open-data.s3.amazonaws.com/photos/638116967/medium.jpg,,"",,1,0,false,,"Manatee County, FL, USA",27.513111438,-82.6598092138,31,,,,31,,open,false,,,Brown Anole,Anolis sagrei,Brown Anole,Reptilia,116461,
351520866,bd43b8b6-525a-4824-bd3c-3707b082a9b6,2026/03/19 12:45 PM,2026-03-19,2026-03-19 16:45:00 UTC,Eastern Time (US & Canada),6478491,xxoliviaaxx,Olivia Kneebone,2026-04-20 18:35:22 UTC,2026-05-14 09:49:38 UTC,research,,https://www.inaturalist.org/observations/351520866,https://static.inaturalist.org/photos/641492736/medium.jpg,,"",,1,0,false,,"Manatee County, FL, USA",27.5128694444,-82.6592583333,,,,,,,,false,,,Bald Eagle,Haliaeetus leucocephalus,Bald Eagle,Aves,5305,
351520868,92be2a8f-0f68-4865-8c3b-ccfca572fbd7,2026/03/19 12:44 PM,2026-03-19,2026-03-19 16:44:00 UTC,Eastern Time (US & Canada),6478491,xxoliviaaxx,Olivia Kneebone,2026-04-20 18:35:22 UTC,2026-05-11 14:26:19 UTC,research,,https://www.inaturalist.org/observations/351520868,https://static.inaturalist.org/photos/641492766/medium.jpg,,"",,1,0,false,,"Manatee County, FL, USA",27.5128972222,-82.6591416667,,,,,,,,false,,,Caribbean scoliid wasp,Dielis dorsata,Caribbean scoliid wasp,Insecta,893820,
351538593,b4f64ad0-fe36-4a27-bf06-30d64946f20e,2026/03/19 12:37 PM,2026-03-19,2026-03-19 16:37:00 UTC,Eastern Time (US & Canada),6478491,xxoliviaaxx,Olivia Kneebone,2026-04-20 19:42:11 UTC,2026-06-10 07:37:05 UTC,research,,https://www.inaturalist.org/observations/351538593,https://static.inaturalist.org/photos/641522036/medium.jpg,,"",,3,0,false,,"Manatee County, FL, USA",27.5141277778,-82.6601805556,,,,,,,open,false,,,Wood Duck,Aix sponsa,Wood Duck,Aves,7107,
362812570,04d939cc-aa9f-4260-9531-63f2afc866a6,2025/12/12 10:55AM,2025-12-12,2025-12-12 15:55:00 UTC,Eastern Time (US & Canada),10553532,randall_carter,Randall Carter,2026-05-18 18:03:14 UTC,2026-05-20 03:30:49 UTC,research,CC-BY-NC,https://www.inaturalist.org/observations/362812570,https://inaturalist-open-data.s3.amazonaws.com/photos/662218200/medium.jpg,,"",Screenshot,3,0,false,,"Manatee County, FL, USA",27.5133806994,-82.6592989803,7,,,,7,,open,false,,,American White Pelican,Pelecanus erythrorhynchos,American White Pelican,Aves,4334,
362821784,9832364d-ed00-47ab-a95b-561a46c59e0a,2021/12/03 8:48 AM,2021-12-03,2021-12-03 13:48:00 UTC,Eastern Time (US & Canada),10553532,randall_carter,Randall Carter,2026-05-18 18:35:45 UTC,2026-06-18 04:09:46 UTC,research,CC-BY-NC,https://www.inaturalist.org/observations/362821784,https://inaturalist-open-data.s3.amazonaws.com/photos/662237904/medium.jpg,,"","I am not a birder, so hopefully someone else can identify this. Pretty sure it's woodpecker!",5,0,false,,"Manatee County, FL, USA",27.5131207129,-82.6595729789,5,,,,5,,open,false,,,Pileated Woodpecker,Dryocopus pileatus,Pileated Woodpecker,Aves,17855,PSBP-99969
364339941,ebe0cdff-1161-4a3b-94d4-b56c95ce80ed,2026-05-23 08:52:19-04:00,2026-05-23,2026-05-23 12:52:19 UTC,Eastern Time (US & Canada),7839238,catalaniclaire,,2026-05-23 16:29:40 UTC,2026-05-28 15:49:53 UTC,research,CC-BY-NC,https://www.inaturalist.org/observations/364339941,https://inaturalist-open-data.s3.amazonaws.com/photos/665114365/medium.jpg,,"","",2,0,false,3,"Palma Sola Botanical Park, Bradenton, FL, US",27.5138916667,-82.6601333333,4,,,,4,,open,false,,,Common Gallinule,Gallinula galeata,Common Gallinule,Aves,144479,
368047308,96ff53a6-036b-4427-87bc-204dd308f1a6,2026-06-03 09:56:23,2026-06-03,2026-06-03 13:56:23 UTC,Eastern Time (US & Canada),10562652,frankymca,,2026-06-03 14:44:58 UTC,2026-06-03 21:09:35 UTC,research,CC-BY-NC,https://www.inaturalist.org/observations/368047308,https://inaturalist-open-data.s3.amazonaws.com/photos/672186447/medium.jpg,,"",,3,0,false,843,"99th St NW, Bradenton, FL, US",27.5127521809,-82.6591383387,3,,,,3,,open,false,,,Great Blue Heron,Ardea herodias,Great Blue Heron,Aves,4956,
368067935,bde75d7f-eb1d-4f53-af78-08afcf872809,2026-06-03 11:49:46,2026-06-03,2026-06-03 15:49:46 UTC,Eastern Time (US & Canada),10627607,mariaaaz,Maria Escobar,2026-06-03 15:57:49 UTC,2026-06-03 23:25:16 UTC,research,CC-BY-NC,https://www.inaturalist.org/observations/368067935,https://inaturalist-open-data.s3.amazonaws.com/photos/672223250/medium.jpg,,"",,1,0,false,843,"99th St NW, Bradenton, FL, US",27.5131455018,-82.6600713284,4,,,,4,,,false,,,White Peacock,Anartia jatrophae,White Peacock,Insecta,49761,
372608368,0edac026-56d0-43b6-aa67-e914b0a241de,2026-06-10 11:25:14,2026-06-10,2026-06-10 15:25:14 UTC,Eastern Time (US & Canada),10627607,mariaaaz,Maria Escobar,2026-06-17 14:01:56 UTC,2026-06-17 14:04:24 UTC,research,CC-BY-NC,https://www.inaturalist.org/observations/372608368,https://inaturalist-open-data.s3.amazonaws.com/photos/680896199/medium.jpg,,"",,1,0,false,843,"17th Ave NW, Bradenton, FL, US",27.513951296,-82.6597480384,3,,,,3,,,false,,,Eastern Lubber Grasshopper,Romalea microptera,Eastern Lubber Grasshopper,Insecta,466003,
372609957,9d674164-1026-4cd6-8222-09f2dcc8f53a,2026-06-17 10:06:05,2026-06-17,2026-06-17 14:06:05 UTC,Eastern Time (US & Canada),10679385,david_mcswain,David McSwain,2026-06-17 14:07:29 UTC,2026-06-17 20:27:48 UTC,research,CC-BY-NC,https://www.inaturalist.org/observations/372609957,https://inaturalist-open-data.s3.amazonaws.com/photos/680899228/medium.jpg,,"",,2,0,false,843,"99th St NW, Bradenton, FL, US",27.5129561491,-82.6600580237,5,,,,5,,open,false,,,Great Egret,Ardea alba,Great Egret,Aves,144455,
372610677,de9dc9ed-061b-4049-bc8b-a6299905e8cf,2026/06/17 8:11 AM,2026-06-17,2026-06-17 12:11:00 UTC,Eastern Time (US & Canada),10562674,jengunter,,2026-06-17 14:09:46 UTC,2026-06-18 04:10:05 UTC,research,CC-BY-NC,https://www.inaturalist.org/observations/372610677,https://inaturalist-open-data.s3.amazonaws.com/photos/680896933/medium.jpg,,"",,1,0,false,,"Manatee County, FL, USA",27.5138221569,-82.6598309579,2,,,,2,,open,false,,,Green Anole,Anolis carolinensis,Green Anole,Reptilia,36514,PSBP-99962
372612101,d720bd12-dc82-4ff5-93bc-e5c7d4e5313b,2026-06-17 09:50:35,2026-06-17,2026-06-17 13:50:35 UTC,Eastern Time (US & Canada),10679395,harrisonmello,Harrison Mello,2026-06-17 14:14:52 UTC,2026-06-17 15:50:44 UTC,research,CC-BY-NC,https://www.inaturalist.org/observations/372612101,https://inaturalist-open-data.s3.amazonaws.com/photos/680902730/medium.jpg,,"",,1,0,false,843,"99th St NW, Bradenton, FL, US",27.5130735599,-82.6591370764,4,,,,4,,open,false,,,Gulf Fritillary,Dione vanillae,Gulf Fritillary,Insecta,49150,
372613760,d243bc92-7db9-479b-aaaa-2de1297494fc,2026-06-17 10:11:13,2026-06-17,2026-06-17 14:11:13 UTC,Eastern Time (US & Canada),10627607,mariaaaz,Maria Escobar,2026-06-17 14:20:35 UTC,2026-06-17 20:05:21 UTC,research,CC-BY-NC,https://www.inaturalist.org/observations/372613760,https://inaturalist-open-data.s3.amazonaws.com/photos/680905740/medium.jpg,,"",,2,0,false,843,"17th Ave NW, Bradenton, FL, US",27.5129495155,-82.6596395584,7,,,,7,,open,false,,,Great Egret,Ardea alba,Great Egret,Aves,144455,
372634015,3ebdc741-ccde-4bf4-8fd1-c29013ec5083,2026-06-17 11:27:16,2026-06-17,2026-06-17 15:27:16 UTC,Eastern Time (US & Canada),10679395,harrisonmello,Harrison Mello,2026-06-17 15:28:36 UTC,2026-06-17 16:30:21 UTC,research,CC-BY-NC,https://www.inaturalist.org/observations/372634015,https://inaturalist-open-data.s3.amazonaws.com/photos/680941874/medium.jpg,,"",,1,0,false,843,"99th St NW, Bradenton, FL, US",27.5136678561,-82.6602072828,8,,,,8,,open,false,,,Brown Anole,Anolis sagrei,Brown Anole,Reptilia,116461,
372652782,5ffcf364-9935-487b-a746-24e1846779b5,2026-06-17 11:22:31,2026-06-17,2026-06-17 15:22:31 UTC,Eastern Time (US & Canada),10627606,ruby_meador,Ruby Meador,2026-06-17 16:26:01 UTC,2026-06-18 02:13:07 UTC,research,CC-BY-NC,https://www.inaturalist.org/observations/372652782,https://inaturalist-open-data.s3.amazonaws.com/photos/680975638/medium.jpg,,"",,3,0,false,843,"99th St NW, Bradenton, FL, US",27.5131581168,-82.6601315017,3,,,,3,,open,false,,,White Ibis,Eudocimus albus,White Ibis,Aves,3751,
372652838,22192249-430f-4013-a5b1-94b690d58e83,2026-06-17 11:23:19,2026-06-17,2026-06-17 15:23:19 UTC,Eastern Time (US & Canada),10627606,ruby_meador,Ruby Meador,2026-06-17 16:26:14 UTC,2026-06-18 02:12:48 UTC,research,CC-BY-NC,https://www.inaturalist.org/observations/372652838,https://inaturalist-open-data.s3.amazonaws.com/photos/680975755/medium.jpg,,"",,2,0,false,843,"99th St NW, Bradenton, FL, US",27.513122689,-82.6600032314,2,,,,2,,,false,,,White Peacock,Anartia jatrophae,White Peacock,Insecta,49761,
372668972,910d4032-2305-4412-ad4c-c82342664f01,2026-06-08 11:09:29,2026-06-08,2026-06-08 15:09:29 UTC,Eastern Time (US & Canada),10608441,cleamon,,2026-06-17 17:19:17 UTC,2026-06-18 01:59:24 UTC,research,CC-BY-NC,https://www.inaturalist.org/observations/372668972,https://inaturalist-open-data.s3.amazonaws.com/photos/681004933/medium.jpg,,"",,3,0,false,843,"Bradenton, FL, US",27.5127815925,-82.6596684927,3,,,,3,,open,false,,,Great Blue Heron,Ardea herodias,Great Blue Heron,Aves,4956,
372668999,5ccd5eb6-bd1b-43ae-a2c0-2b254c115b4f,2026-06-08 11:12:18,2026-06-08,2026-06-08 15:12:18 UTC,Eastern Time (US & Canada),10608441,cleamon,,2026-06-17 17:19:24 UTC,2026-06-18 01:59:08 UTC,research,CC-BY-NC,https://www.inaturalist.org/observations/372668999,https://inaturalist-open-data.s3.amazonaws.com/photos/681004991/medium.jpg,,"",,2,0,false,843,"99th St NW, Bradenton, FL, US",27.5133042717,-82.6596775967,2,,,,2,,open,false,,,Mottled Duck,Anas fulvigula,Mottled Duck,Aves,6948,
372669023,264d089b-2fea-44e5-a823-cde6d5702153,2026-06-08 11:12:35,2026-06-08,2026-06-08 15:12:35 UTC,Eastern Time (US & Canada),10608441,cleamon,,2026-06-17 17:19:30 UTC,2026-06-18 01:58:15 UTC,research,CC-BY-NC,https://www.inaturalist.org/observations/372669023,https://inaturalist-open-data.s3.amazonaws.com/photos/681005040/medium.jpg,,"",,2,0,false,843,"99th St NW, Bradenton, FL, US",27.513298062,-82.6596752989,2,,,,2,,open,false,,,Eastern Gray Squirrel,Sciurus carolinensis,Eastern Gray Squirrel,Mammalia,46017,
372669065,0366be3e-56e4-4e29-b218-f189b514fc85,2026-06-08 11:13:33,2026-06-08,2026-06-08 15:13:33 UTC,Eastern Time (US & Canada),10608441,cleamon,,2026-06-17 17:19:36 UTC,2026-06-18 01:56:19 UTC,research,CC-BY-NC,https://www.inaturalist.org/observations/372669065,https://inaturalist-open-data.s3.amazonaws.com/photos/681005087/medium.jpg,,"",,2,0,false,843,"17th Ave NW, Bradenton, FL, US",27.5136594711,-82.6596614744,2,,,,2,,open,false,,,Common Gallinule,Gallinula galeata,Common Gallinule,Aves,144479,
372669122,fa20dcce-7502-4fce-a8c3-44dc8d2cc42d,2026-06-08 11:20:41,2026-06-08,2026-06-08 15:20:41 UTC,Eastern Time (US & Canada),10608441,cleamon,,2026-06-17 17:19:48 UTC,2026-06-18 01:55:55 UTC,research,CC-BY-NC,https://www.inaturalist.org/observations/372669122,https://inaturalist-open-data.s3.amazonaws.com/photos/681005185/medium.jpg,,"",,3,0,false,843,"17th Ave NW, Bradenton, FL, US",27.5142302472,-82.6602085449,2,,,,2,,open,false,,,White Ibis,Eudocimus albus,White Ibis,Aves,3751,
372700526,f773a88f-5a53-49c6-8268-36b3e906af13,2026-06-08 11:20:26,2026-06-08,2026-06-08 15:20:26 UTC,Eastern Time (US & Canada),10608441,cleamon,,2026-06-17 19:07:25 UTC,2026-06-18 00:51:44 UTC,research,CC-BY-NC,https://www.inaturalist.org/observations/372700526,https://inaturalist-open-data.s3.amazonaws.com/photos/681065389/medium.jpg,,"",,3,0,false,843,"17th Ave NW, Bradenton, FL, US",27.5141620338,-82.660163171,13,,,,13,,open,false,,,Common Gallinule,Gallinula galeata,Common Gallinule,Aves,144479,
373034213,475ba5a3-5b5c-40d3-a68a-50462d96e561,2025/08/28 6:43 AM,2025-08-28,2025-08-28 10:43:00 UTC,Eastern Time (US & Canada),10417077,robcarr52,RobCarr,2026-06-18 20:08:22 UTC,2026-06-18 23:28:31 UTC,research,CC-BY-NC,https://www.inaturalist.org/observations/373034213,https://inaturalist-open-data.s3.amazonaws.com/photos/681677765/medium.jpg,,"",,1,0,false,,"Manatee, Florida, United States",27.5134611583,-82.660007885,,,,,,,open,false,,,Great Egret,Ardea alba,Great Egret,Aves,144455,
373034214,1aa8d900-75ee-4756-937d-c86eaa96760c,2025/08/28 6:49 AM,2025-08-28,2025-08-28 10:49:00 UTC,Eastern Time (US & Canada),10417077,robcarr52,RobCarr,2026-06-18 20:08:22 UTC,2026-06-18 22:06:24 UTC,research,CC-BY-NC,https://www.inaturalist.org/observations/373034214,https://inaturalist-open-data.s3.amazonaws.com/photos/681677774/medium.jpg,,"",,1,0,false,,"Manatee, Florida, United States",27.5134611583,-82.660007885,,,,,,,,false,,,Common Grackle,Quiscalus quiscula,Common Grackle,Aves,9602,
373034224,56e496bd-6aa1-4a34-a673-ef2ad23b725e,2023/03/31 2:25 PM,2023-03-31,2023-03-31 18:25:00 UTC,Eastern Time (US & Canada),10417077,robcarr52,RobCarr,2026-06-18 20:08:23 UTC,2026-06-18 20:38:41 UTC,research,CC-BY-NC,https://www.inaturalist.org/observations/373034224,https://inaturalist-open-data.s3.amazonaws.com/photos/681677996/medium.jpg,,"",,1,0,false,,"Manatee County, FL, USA",27.5134611583,-82.660007885,,,,,,,open,false,,,White Ibis,Eudocimus albus,White Ibis,Aves,3751,
373034226,3a408f3d-b5c3-4771-943f-f609175a2cac,2023/03/31 2:33 PM,2023-03-31,2023-03-31 18:33:00 UTC,Eastern Time (US & Canada),10417077,robcarr52,RobCarr,2026-06-18 20:08:23 UTC,2026-06-18 21:18:31 UTC,research,CC-BY-NC,https://www.inaturalist.org/observations/373034226,https://inaturalist-open-data.s3.amazonaws.com/photos/681678304/medium.jpg,,"",,1,0,false,,"Manatee County, FL, USA",27.5134611583,-82.660007885,,,,,,,open,false,,,Red-bellied Woodpecker,Melanerpes carolinus,Red-bellied Woodpecker,Aves,18205,
373034237,037d7b13-780b-46e4-b047-2f59d132bdfa,2023/03/31 2:38 PM,2023-03-31,2023-03-31 18:38:00 UTC,Eastern Time (US & Canada),10417077,robcarr52,RobCarr,2026-06-18 20:08:24 UTC,2026-06-18 21:18:39 UTC,research,CC-BY-NC,https://www.inaturalist.org/observations/373034237,https://inaturalist-open-data.s3.amazonaws.com/photos/681678303/medium.jpg,,"",,1,0,false,,"Manatee County, FL, USA",27.5134611583,-82.660007885,,,,,,,,false,,,Common Grackle,Quiscalus quiscula,Common Grackle,Aves,9602,
373034238,5ec61c8f-60af-4877-bd68-ca165095a95d,2023/03/31 2:42 PM,2023-03-31,2023-03-31 18:42:00 UTC,Eastern Time (US & Canada),10417077,robcarr52,RobCarr,2026-06-18 20:08:24 UTC,2026-06-18 21:06:25 UTC,research,CC-BY-NC,https://www.inaturalist.org/observations/373034238,https://inaturalist-open-data.s3.amazonaws.com/photos/681678295/medium.jpg,,"",,1,0,false,,"Manatee County, FL, USA",27.5134611583,-82.660007885,,,,,,,open,false,,,Halloween Pennant,Celithemis eponina,Halloween Pennant,Insecta,50147,
373034239,cd04cc44-63a8-4998-a531-f47db09d234f,2023/03/31 2:43 PM,2023-03-31,2023-03-31 18:43:00 UTC,Eastern Time (US & Canada),10417077,robcarr52,RobCarr,2026-06-18 20:08:24 UTC,2026-06-18 20:44:56 UTC,research,CC-BY-NC,https://www.inaturalist.org/observations/373034239,https://inaturalist-open-data.s3.amazonaws.com/photos/681678453/medium.jpg,,"",,1,0,false,,"Manatee County, FL, USA",27.5134611583,-82.660007885,,,,,,,open,false,,,Common Gallinule,Gallinula galeata,Common Gallinule,Aves,144479,
373034249,f95cc6ca-8947-48d2-85f4-1e9603ff708e,2023/03/31 2:47 PM,2023-03-31,2023-03-31 18:47:00 UTC,Eastern Time (US & Canada),10417077,robcarr52,RobCarr,2026-06-18 20:08:25 UTC,2026-06-18 20:08:25 UTC,needs_id,CC-BY-NC,https://www.inaturalist.org/observations/373034249,https://inaturalist-open-data.s3.amazonaws.com/photos/681678407/medium.jpg,,"",,0,0,false,,"Manatee County, FL, USA",27.5134611583,-82.660007885,,,,,,,open,false,,,Peninsular Cooter,Pseudemys peninsularis,Peninsular Cooter,Reptilia,39825,
373034252,0aad2213-26b2-49a1-8043-9699cc32c78b,2023/03/31 3:01 PM,2023-03-31,2023-03-31 19:01:00 UTC,Eastern Time (US & Canada),10417077,robcarr52,RobCarr,2026-06-18 20:08:26 UTC,2026-06-18 21:18:24 UTC,research,CC-BY-NC,https://www.inaturalist.org/observations/373034252,https://inaturalist-open-data.s3.amazonaws.com/photos/681678467/medium.jpg,,"",,1,0,false,,"Manatee County, FL, USA",27.5134611583,-82.660007885,,,,,,,open,false,,,Gray Catbird,Dumetella carolinensis,Gray Catbird,Aves,14995,
373034267,91dbfcb3-0c03-4097-888e-212642211d91,2023/03/31 3:15 PM,2023-03-31,2023-03-31 19:15:00 UTC,Eastern Time (US & Canada),10417077,robcarr52,RobCarr,2026-06-18 20:08:28 UTC,2026-06-18 20:39:13 UTC,research,CC-BY-NC,https://www.inaturalist.org/observations/373034267,https://inaturalist-open-data.s3.amazonaws.com/photos/681678544/medium.jpg,,"",,1,0,false,,"Manatee County, FL, USA",27.5134611583,-82.660007885,,,,,,,open,false,,,Great Blue Heron,Ardea herodias,Great Blue Heron,Aves,4956,
373034268,7bf10273-63cc-43e6-a8d3-ed225f53376a,2025/11/14 8:12 AM,2025-11-14,2025-11-14 13:12:00 UTC,Eastern Time (US & Canada),10417077,robcarr52,RobCarr,2026-06-18 20:08:28 UTC,2026-06-18 20:45:15 UTC,research,CC-BY-NC,https://www.inaturalist.org/observations/373034268,https://inaturalist-open-data.s3.amazonaws.com/photos/681678543/medium.jpg,,"",,1,0,false,,"Manatee County, FL, USA",27.5134611583,-82.660007885,,,,,,,open,false,,,White Ibis,Eudocimus albus,White Ibis,Aves,3751,
373034270,62ca23c4-5b1a-4ffc-9d0a-5d7a79a327dc,2025/11/14 8:16 AM,2025-11-14,2025-11-14 13:16:00 UTC,Eastern Time (US & Canada),10417077,robcarr52,RobCarr,2026-06-18 20:08:28 UTC,2026-06-18 23:29:13 UTC,research,CC-BY-NC,https://www.inaturalist.org/observations/373034270,https://inaturalist-open-data.s3.amazonaws.com/photos/681678555/medium.jpg,,"",,1,0,false,,"Manatee County, FL, USA",27.5134611583,-82.660007885,,,,,,,open,false,,,Eastern Phoebe,Sayornis phoebe,Eastern Phoebe,Aves,17008,
373034280,1b816cbc-c242-434a-b3eb-4fb44139e326,2025/11/14 8:17 AM,2025-11-14,2025-11-14 13:17:00 UTC,Eastern Time (US & Canada),10417077,robcarr52,RobCarr,2026-06-18 20:08:29 UTC,2026-06-18 22:06:17 UTC,research,CC-BY-NC,https://www.inaturalist.org/observations/373034280,https://inaturalist-open-data.s3.amazonaws.com/photos/681678571/medium.jpg,,"",,1,0,false,,"Manatee County, FL, USA",27.5134611583,-82.660007885,,,,,,,open,false,,,Blue-gray Gnatcatcher,Polioptila caerulea,Blue-gray Gnatcatcher,Aves,7493,
373034281,4b66bc5e-3b0d-469d-8cf1-5477fbcd8a0a,2025/11/14 8:17 AM,2025-11-14,2025-11-14 13:17:00 UTC,Eastern Time (US & Canada),10417077,robcarr52,RobCarr,2026-06-18 20:08:29 UTC,2026-06-18 21:18:15 UTC,research,CC-BY-NC,https://www.inaturalist.org/observations/373034281,https://inaturalist-open-data.s3.amazonaws.com/photos/681678566/medium.jpg,,"",,1,0,false,,"Manatee County, FL, USA",27.5134611583,-82.660007885,,,,,,,open,false,,,Blue-gray Gnatcatcher,Polioptila caerulea,Blue-gray Gnatcatcher,Aves,7493,
373034283,7af718c8-45b8-441e-829a-2d4134222e97,2025/11/14 8:18 AM,2025-11-14,2025-11-14 13:18:00 UTC,Eastern Time (US & Canada),10417077,robcarr52,RobCarr,2026-06-18 20:08:29 UTC,2026-06-18 21:18:10 UTC,research,CC-BY-NC,https://www.inaturalist.org/observations/373034283,https://inaturalist-open-data.s3.amazonaws.com/photos/681678578/medium.jpg,,"",,1,0,false,,"Manatee County, FL, USA",27.5134611583,-82.660007885,,,,,,,open,false,,,Northern Mockingbird,Mimus polyglottos,Northern Mockingbird,Aves,14886,
373034289,8b03b701-19de-490b-9bbe-fadadd5b96f0,2025/11/14 8:20 AM,2025-11-14,2025-11-14 13:20:00 UTC,Eastern Time (US & Canada),10417077,robcarr52,RobCarr,2026-06-18 20:08:30 UTC,2026-06-18 20:39:05 UTC,research,CC-BY-NC,https://www.inaturalist.org/observations/373034289,https://inaturalist-open-data.s3.amazonaws.com/photos/681678596/medium.jpg,,"",,1,0,false,,"Manatee County, FL, USA",27.5134611583,-82.660007885,,,,,,,open,false,,,White Ibis,Eudocimus albus,White Ibis,Aves,3751,
373034290,198393ac-96e6-4ec8-862b-b810472208bf,2025/11/14 8:27 AM,2025-11-14,2025-11-14 13:27:00 UTC,Eastern Time (US & Canada),10417077,robcarr52,RobCarr,2026-06-18 20:08:30 UTC,2026-06-18 20:13:11 UTC,research,CC-BY-NC,https://www.inaturalist.org/observations/373034290,https://inaturalist-open-data.s3.amazonaws.com/photos/681678605/medium.jpg,,"",,1,0,false,,"Manatee County, FL, USA",27.5134611583,-82.660007885,,,,,,,,false,,,Bald Eagle,Haliaeetus leucocephalus,Bald Eagle,Aves,5305,
373034292,c81fe875-3d2b-4364-a6f5-509a18dc1075,2025/11/14 8:29 AM,2025-11-14,2025-11-14 13:29:00 UTC,Eastern Time (US & Canada),10417077,robcarr52,RobCarr,2026-06-18 20:08:30 UTC,2026-06-18 20:39:02 UTC,research,CC-BY-NC,https://www.inaturalist.org/observations/373034292,https://inaturalist-open-data.s3.amazonaws.com/photos/681678611/medium.jpg,,"",,1,0,false,,"Manatee County, FL, USA",27.5134611583,-82.660007885,,,,,,,open,false,,,Double-crested Cormorant,Nannopterum auritum,Double-crested Cormorant,Aves,1454382,
373034296,9bf692f0-be11-4676-b8b9-079f74693b0f,2025/11/14 8:33 AM,2025-11-14,2025-11-14 13:33:00 UTC,Eastern Time (US & Canada),10417077,robcarr52,RobCarr,2026-06-18 20:08:31 UTC,2026-06-18 20:39:56 UTC,research,CC-BY-NC,https://www.inaturalist.org/observations/373034296,https://inaturalist-open-data.s3.amazonaws.com/photos/681678639/medium.jpg,,"",,1,0,false,,"Manatee County, FL, USA",27.5134611583,-82.660007885,,,,,,,open,false,,,Great Blue Heron,Ardea herodias,Great Blue Heron,Aves,4956,
373034297,f748d2f0-efa9-4bb7-bc59-f0eba80a3ea4,2025/11/14 8:41 AM,2025-11-14,2025-11-14 13:41:00 UTC,Eastern Time (US & Canada),10417077,robcarr52,RobCarr,2026-06-18 20:08:31 UTC,2026-06-18 21:18:05 UTC,research,CC-BY-NC,https://www.inaturalist.org/observations/373034297,https://inaturalist-open-data.s3.amazonaws.com/photos/681678651/medium.jpg,,"",,1,0,false,,"Manatee County, FL, USA",27.5134611583,-82.660007885,,,,,,,open,false,,,Great Blue Heron,Ardea herodias,Great Blue Heron,Aves,4956,
373034298,9876a5a1-3e5f-4e89-bd3d-d72107bb3d97,2025/11/14 8:43 AM,2025-11-14,2025-11-14 13:43:00 UTC,Eastern Time (US & Canada),10417077,robcarr52,RobCarr,2026-06-18 20:08:31 UTC,2026-06-18 22:59:08 UTC,research,CC-BY-NC,https://www.inaturalist.org/observations/373034298,https://inaturalist-open-data.s3.amazonaws.com/photos/681678647/medium.jpg,,"",,2,0,false,,"Manatee County, FL, USA",27.5134611583,-82.660007885,,,,,,,open,false,,,Anhinga,Anhinga anhinga,Anhinga,Aves,5063,
373034304,d6910bec-b9d2-4419-a8ef-8e43faea8ee4,2026/06/14 6:32 AM,2026-06-14,2026-06-14 10:32:00 UTC,Eastern Time (US & Canada),10417077,robcarr52,RobCarr,2026-06-18 20:08:32 UTC,2026-06-18 20:08:32 UTC,needs_id,CC-BY-NC,https://www.inaturalist.org/observations/373034304,https://inaturalist-open-data.s3.amazonaws.com/photos/681678675/medium.jpg,,"",,0,0,false,,"Manatee County, FL, USA",27.5134611583,-82.660007885,,,,,,,,false,,,Honey Bees,Apini,Honey Bees,Insecta,538904,
373034305,65dae6d7-2833-4ead-b56c-1fa58bef13fc,2026/06/14 6:34 AM,2026-06-14,2026-06-14 10:34:00 UTC,Eastern Time (US & Canada),10417077,robcarr52,RobCarr,2026-06-18 20:08:32 UTC,2026-06-18 21:17:56 UTC,research,CC-BY-NC,https://www.inaturalist.org/observations/373034305,https://inaturalist-open-data.s3.amazonaws.com/photos/681678684/medium.jpg,,"",,1,0,false,,"Manatee County, FL, USA",27.5134611583,-82.660007885,,,,,,,,false,,,Yellow-crowned Night Heron,Nyctanassa violacea,Yellow-crowned Night Heron,Aves,4999,
373034306,17e8ae60-2ca9-4429-b36e-57f48fe3298a,2025/11/14 8:50 AM,2025-11-14,2025-11-14 13:50:00 UTC,Eastern Time (US & Canada),10417077,robcarr52,RobCarr,2026-06-18 20:08:32 UTC,2026-06-18 22:59:05 UTC,research,CC-BY-NC,https://www.inaturalist.org/observations/373034306,https://inaturalist-open-data.s3.amazonaws.com/photos/681678688/medium.jpg,,"",,2,0,false,,"Manatee County, FL, USA",27.5134611583,-82.660007885,,,,,,,open,false,,,Western Cattle-Egret,Ardea ibis,Western Cattle-Egret,Aves,411086,
373034312,b6d84fa6-c585-481c-9c0c-4fa23f5a0a16,2026/06/14 6:37 AM,2026-06-14,2026-06-14 10:37:00 UTC,Eastern Time (US & Canada),10417077,robcarr52,RobCarr,2026-06-18 20:08:33 UTC,2026-06-18 22:58:58 UTC,research,CC-BY-NC,https://www.inaturalist.org/observations/373034312,https://inaturalist-open-data.s3.amazonaws.com/photos/681678758/medium.jpg,,"",,2,0,false,,"Manatee County, FL, USA",27.5134611583,-82.660007885,,,,,,,open,false,,,White Ibis,Eudocimus albus,White Ibis,Aves,3751,
373034313,a86260b5-5d4d-46e7-ac48-2f2cfd5b2d20,2026/06/14 6:41 AM,2026-06-14,2026-06-14 10:41:00 UTC,Eastern Time (US & Canada),10417077,robcarr52,RobCarr,2026-06-18 20:08:33 UTC,2026-06-18 21:17:50 UTC,research,CC-BY-NC,https://www.inaturalist.org/observations/373034313,https://inaturalist-open-data.s3.amazonaws.com/photos/681678737/medium.jpg,,"",,1,0,false,,"Manatee County, FL, USA",27.5134611583,-82.660007885,,,,,,,,false,,,Yellow-crowned Night Heron,Nyctanassa violacea,Yellow-crowned Night Heron,Aves,4999,
373034314,5aa69a08-5554-4e5e-8bfe-e828a34d203d,2025/11/14 8:59 AM,2025-11-14,2025-11-14 13:59:00 UTC,Eastern Time (US & Canada),10417077,robcarr52,RobCarr,2026-06-18 20:08:33 UTC,2026-06-18 21:19:06 UTC,research,CC-BY-NC,https://www.inaturalist.org/observations/373034314,https://inaturalist-open-data.s3.amazonaws.com/photos/681678747/medium.jpg,,"",,3,0,false,,"Manatee County, FL, USA",27.5134611583,-82.660007885,,,,,,,open,false,,,Black-and-white Warbler,Mniotilta varia,Black-and-white Warbler,Aves,10286,
373034324,1ac29065-5ce4-4a03-9279-05d2c8ceeb10,2026/06/14 6:42 AM,2026-06-14,2026-06-14 10:42:00 UTC,Eastern Time (US & Canada),10417077,robcarr52,RobCarr,2026-06-18 20:08:34 UTC,2026-06-18 21:17:46 UTC,research,CC-BY-NC,https://www.inaturalist.org/observations/373034324,https://inaturalist-open-data.s3.amazonaws.com/photos/681678770/medium.jpg,,"",,1,0,false,,"Manatee County, FL, USA",27.5134611583,-82.660007885,,,,,,,open,false,,,Red-bellied Woodpecker,Melanerpes carolinus,Red-bellied Woodpecker,Aves,18205,
373034325,fc06867b-101e-44cb-9ee1-ae7ddb562275,2026/06/14 6:42 AM,2026-06-14,2026-06-14 10:42:00 UTC,Eastern Time (US & Canada),10417077,robcarr52,RobCarr,2026-06-18 20:08:34 UTC,2026-06-18 22:58:26 UTC,research,CC-BY-NC,https://www.inaturalist.org/observations/373034325,https://inaturalist-open-data.s3.amazonaws.com/photos/681678781/medium.jpg,,"",,2,0,false,,"Manatee County, FL, USA",27.5134611583,-82.660007885,,,,,,,open,false,,,Red-bellied Woodpecker,Melanerpes carolinus,Red-bellied Woodpecker,Aves,18205,
373034326,1de11b0f-7ac2-4bde-a494-55b69eeda92b,2026/06/14 6:53 AM,2026-06-14,2026-06-14 10:53:00 UTC,Eastern Time (US & Canada),10417077,robcarr52,RobCarr,2026-06-18 20:08:35 UTC,2026-06-18 22:58:21 UTC,research,CC-BY-NC,https://www.inaturalist.org/observations/373034326,https://inaturalist-open-data.s3.amazonaws.com/photos/681678800/medium.jpg,,"",,2,0,false,,"Manatee County, FL, USA",27.5134611583,-82.660007885,,,,,,,open,false,,,Anhinga,Anhinga anhinga,Anhinga,Aves,5063,
373034336,9829e536-0b5e-490c-85fb-f1a16d7cb6e9,2026/06/14 7:03 AM,2026-06-14,2026-06-14 11:03:00 UTC,Eastern Time (US & Canada),10417077,robcarr52,RobCarr,2026-06-18 20:08:36 UTC,2026-06-18 20:08:36 UTC,needs_id,CC-BY-NC,https://www.inaturalist.org/observations/373034336,https://inaturalist-open-data.s3.amazonaws.com/photos/681678812/medium.jpg,,"",,0,0,false,,"Manatee County, FL, USA",27.5134611583,-82.660007885,,,,,,,open,false,,,Marsh Rabbit,Sylvilagus palustris,Marsh Rabbit,Mammalia,43102,
373034338,6305d268-dc3b-400a-96e4-8aff9d58a316,2025/11/14 9:02 AM,2025-11-14,2025-11-14 14:02:00 UTC,Eastern Time (US & Canada),10417077,robcarr52,RobCarr,2026-06-18 20:08:36 UTC,2026-06-18 21:18:53 UTC,research,CC-BY-NC,https://www.inaturalist.org/observations/373034338,https://inaturalist-open-data.s3.amazonaws.com/photos/681678842/medium.jpg,,"",,3,0,false,,"Manatee County, FL, USA",27.5134611583,-82.660007885,,,,,,,open,false,,,Black-and-white Warbler,Mniotilta varia,Black-and-white Warbler,Aves,10286,
373034358,f82998db-dde9-442c-8d6a-dddae9fa7eb6,2025/11/14 9:09 AM,2025-11-14,2025-11-14 14:09:00 UTC,Eastern Time (US & Canada),10417077,robcarr52,RobCarr,2026-06-18 20:08:38 UTC,2026-06-18 20:08:38 UTC,needs_id,CC-BY-NC,https://www.inaturalist.org/observations/373034358,https://inaturalist-open-data.s3.amazonaws.com/photos/681678940/medium.jpg,,"",,0,0,false,,"Manatee County, FL, USA",27.5134611583,-82.660007885,,,,,,,open,false,,,Ruby-throated Hummingbird,Archilochus colubris,Ruby-throated Hummingbird,Aves,6432,
373034361,324ee0a0-785e-4de8-ac86-cadab13e04cf,2025/11/14 9:16 AM,2025-11-14,2025-11-14 14:16:00 UTC,Eastern Time (US & Canada),10417077,robcarr52,RobCarr,2026-06-18 20:08:39 UTC,2026-06-18 23:28:27 UTC,research,CC-BY-NC,https://www.inaturalist.org/observations/373034361,https://inaturalist-open-data.s3.amazonaws.com/photos/681678954/medium.jpg,,"",,1,0,false,,"Manatee County, FL, USA",27.5134611583,-82.660007885,,,,,,,open,false,,,White-crowned Sparrow,Zonotrichia leucophrys,White-crowned Sparrow,Aves,9176,
373034362,4f48a0be-3245-497f-aa72-36a056a1da67,2025/11/14 9:16 AM,2025-11-14,2025-11-14 14:16:00 UTC,Eastern Time (US & Canada),10417077,robcarr52,RobCarr,2026-06-18 20:08:39 UTC,2026-06-18 21:17:38 UTC,research,CC-BY-NC,https://www.inaturalist.org/observations/373034362,https://inaturalist-open-data.s3.amazonaws.com/photos/681678964/medium.jpg,,"",,1,0,false,,"Manatee County, FL, USA",27.5134611583,-82.660007885,,,,,,,open,false,,,White-crowned Sparrow,Zonotrichia leucophrys,White-crowned Sparrow,Aves,9176,
373034365,79fc0e41-d42d-4c16-b7a2-98edc3eef381,2025/11/14 9:20 AM,2025-11-14,2025-11-14 14:20:00 UTC,Eastern Time (US & Canada),10417077,robcarr52,RobCarr,2026-06-18 20:08:40 UTC,2026-06-18 23:28:29 UTC,research,CC-BY-NC,https://www.inaturalist.org/observations/373034365,https://inaturalist-open-data.s3.amazonaws.com/photos/681678977/medium.jpg,,"",,1,0,false,,"Manatee County, FL, USA",27.5134611583,-82.660007885,,,,,,,open,false,,,Downy Woodpecker,Dryobates pubescens,Downy Woodpecker,Aves,792988,
373034367,969c00dd-88b5-431d-bb3d-ab5ba3ccc8d4,2025/11/14 9:23 AM,2025-11-14,2025-11-14 14:23:00 UTC,Eastern Time (US & Canada),10417077,robcarr52,RobCarr,2026-06-18 20:08:40 UTC,2026-06-18 22:58:01 UTC,research,CC-BY-NC,https://www.inaturalist.org/observations/373034367,https://inaturalist-open-data.s3.amazonaws.com/photos/681678973/medium.jpg,,"",,2,0,false,,"Manatee County, FL, USA",27.5134611583,-82.660007885,,,,,,,open,false,,,Turkey Vulture,Cathartes aura,Turkey Vulture,Aves,4756,
373034369,c02a7127-448b-42cf-8424-23c952fe91d5,2025/11/14 9:23 AM,2025-11-14,2025-11-14 14:23:00 UTC,Eastern Time (US & Canada),10417077,robcarr52,RobCarr,2026-06-18 20:08:40 UTC,2026-06-18 22:07:03 UTC,research,CC-BY-NC,https://www.inaturalist.org/observations/373034369,https://inaturalist-open-data.s3.amazonaws.com/photos/681678990/medium.jpg,,"",,4,1,false,,"Manatee County, FL, USA",27.5134611583,-82.660007885,,,,,,,open,false,,,American White Pelican,Pelecanus erythrorhynchos,American White Pelican,Aves,4334,
373034370,b88dd7bb-d328-4633-b616-24ca10101f82,2025/11/14 9:26 AM,2025-11-14,2025-11-14 14:26:00 UTC,Eastern Time (US & Canada),10417077,robcarr52,RobCarr,2026-06-18 20:08:41 UTC,2026-06-18 22:05:53 UTC,research,CC-BY-NC,https://www.inaturalist.org/observations/373034370,https://inaturalist-open-data.s3.amazonaws.com/photos/681679001/medium.jpg,,"",,1,0,false,,"Manatee County, FL, USA",27.5134611583,-82.660007885,,,,,,,open,false,,,Great Egret,Ardea alba,Great Egret,Aves,144455,
373034371,747ad048-98aa-439b-9ecc-f88de84030ad,2025/11/14 9:31 AM,2025-11-14,2025-11-14 14:31:00 UTC,Eastern Time (US & Canada),10417077,robcarr52,RobCarr,2026-06-18 20:08:41 UTC,2026-06-18 20:38:01 UTC,research,CC-BY-NC,https://www.inaturalist.org/observations/373034371,https://inaturalist-open-data.s3.amazonaws.com/photos/681679016/medium.jpg,,"",,1,0,false,,"Manatee County, FL, USA",27.5134611583,-82.660007885,,,,,,,,false,,,Wood Stork,Mycteria americana,Wood Stork,Aves,4742,
373034373,36562b2b-69b2-4cf1-8342-c2e80f1082b2,2025/11/14 9:36 AM,2025-11-14,2025-11-14 14:36:00 UTC,Eastern Time (US & Canada),10417077,robcarr52,RobCarr,2026-06-18 20:08:42 UTC,2026-06-18 22:57:54 UTC,research,CC-BY-NC,https://www.inaturalist.org/observations/373034373,https://inaturalist-open-data.s3.amazonaws.com/photos/681679030/medium.jpg,,"",,2,0,false,,"Manatee County, FL, USA",27.5134611583,-82.660007885,,,,,,,open,false,,,Red-bellied Woodpecker,Melanerpes carolinus,Red-bellied Woodpecker,Aves,18205,
373034374,dea0e2dd-358b-48cd-ae34-ae6b65fc8723,2025/11/14 9:40 AM,2025-11-14,2025-11-14 14:40:00 UTC,Eastern Time (US & Canada),10417077,robcarr52,RobCarr,2026-06-18 20:08:42 UTC,2026-06-18 20:52:25 UTC,research,CC-BY-NC,https://www.inaturalist.org/observations/373034374,https://inaturalist-open-data.s3.amazonaws.com/photos/681679038/medium.jpg,,"",,1,0,false,,"Manatee County, FL, USA",27.5134611583,-82.660007885,,,,,,,open,false,,,Yellow-throated Warbler,Setophaga dominica,Yellow-throated Warbler,Aves,145246,
373034375,e810f713-3e40-4636-896e-16f95ced495f,2025/11/14 9:40 AM,2025-11-14,2025-11-14 14:40:00 UTC,Eastern Time (US & Canada),10417077,robcarr52,RobCarr,2026-06-18 20:08:42 UTC,2026-06-18 21:23:21 UTC,research,CC-BY-NC,https://www.inaturalist.org/observations/373034375,https://inaturalist-open-data.s3.amazonaws.com/photos/681679043/medium.jpg,,"",,2,0,false,,"Manatee County, FL, USA",27.5134611583,-82.660007885,,,,,,,open,false,,,Yellow-throated Warbler,Setophaga dominica,Yellow-throated Warbler,Aves,145246,
373034376,c7624cd3-c27e-4cbb-a0a4-436e49a51bbc,2025/11/14 9:47 AM,2025-11-14,2025-11-14 14:47:00 UTC,Eastern Time (US & Canada),10417077,robcarr52,RobCarr,2026-06-18 20:08:43 UTC,2026-06-18 22:57:49 UTC,research,CC-BY-NC,https://www.inaturalist.org/observations/373034376,https://inaturalist-open-data.s3.amazonaws.com/photos/681679077/medium.jpg,,"",,2,0,false,,"Manatee County, FL, USA",27.5134611583,-82.660007885,,,,,,,open,false,,,Blue Jay,Cyanocitta cristata,Blue Jay,Aves,8229,
373034380,ee324c1a-30d5-4f4d-b459-893c079034e6,2023/05/28 11:21 AM,2023-05-28,2023-05-28 15:21:00 UTC,Eastern Time (US & Canada),10417077,robcarr52,RobCarr,2026-06-18 20:08:43 UTC,2026-06-18 21:16:36 UTC,research,CC-BY-NC,https://www.inaturalist.org/observations/373034380,https://inaturalist-open-data.s3.amazonaws.com/photos/681679147/medium.jpg,,"",,1,0,false,,"Manatee County, FL, USA",27.5134611583,-82.660007885,,,,,,,open,false,,,Great Blue Heron,Ardea herodias,Great Blue Heron,Aves,4956,
373034385,d97edd8c-928f-4ab8-8e59-07f75ac10be6,2023/05/28 11:22 AM,2023-05-28,2023-05-28 15:22:00 UTC,Eastern Time (US & Canada),10417077,robcarr52,RobCarr,2026-06-18 20:08:44 UTC,2026-06-18 21:16:32 UTC,research,CC-BY-NC,https://www.inaturalist.org/observations/373034385,https://inaturalist-open-data.s3.amazonaws.com/photos/681679178/medium.jpg,,"",,1,0,false,,"Manatee County, FL, USA",27.5134611583,-82.660007885,,,,,,,open,false,,,Common Gallinule,Gallinula galeata,Common Gallinule,Aves,144479,
373034389,5ae9abe4-94bf-46da-b8b3-0619e3a88d94,2023/05/28 11:26 AM,2023-05-28,2023-05-28 15:26:00 UTC,Eastern Time (US & Canada),10417077,robcarr52,RobCarr,2026-06-18 20:08:45 UTC,2026-06-18 21:16:26 UTC,research,CC-BY-NC,https://www.inaturalist.org/observations/373034389,https://inaturalist-open-data.s3.amazonaws.com/photos/681679197/medium.jpg,,"",,1,0,false,,"Manatee County, FL, USA",27.5134611583,-82.660007885,,,,,,,,false,,,Green Heron,Butorides virescens,Green Heron,Aves,5020,
373034390,eb390cf0-ebdb-41a3-a97a-7bae09a5a3ed,2023/05/28 11:23 AM,2023-05-28,2023-05-28 15:23:00 UTC,Eastern Time (US & Canada),10417077,robcarr52,RobCarr,2026-06-18 20:08:45 UTC,2026-06-18 21:16:20 UTC,research,CC-BY-NC,https://www.inaturalist.org/observations/373034390,https://inaturalist-open-data.s3.amazonaws.com/photos/681679201/medium.jpg,,"",,1,0,false,,"Manatee County, FL, USA",27.5134611583,-82.660007885,,,,,,,,false,,,Green Heron,Butorides virescens,Green Heron,Aves,5020,
373034397,52c2fd65-6a09-4bd6-ad8d-a1a4c5798c47,2023/05/28 11:44 AM,2023-05-28,2023-05-28 15:44:00 UTC,Eastern Time (US & Canada),10417077,robcarr52,RobCarr,2026-06-18 20:08:45 UTC,2026-06-18 20:38:07 UTC,research,CC-BY-NC,https://www.inaturalist.org/observations/373034397,https://inaturalist-open-data.s3.amazonaws.com/photos/681679238/medium.jpg,,"",,1,0,false,,"Manatee County, FL, USA",27.5134611583,-82.660007885,,,,,,,open,false,,,Great Blue Heron,Ardea herodias,Great Blue Heron,Aves,4956,
373034400,9f16046d-1ba3-4abc-885b-03674c9d9669,2023/05/28 11:50 AM,2023-05-28,2023-05-28 15:50:00 UTC,Eastern Time (US & Canada),10417077,robcarr52,RobCarr,2026-06-18 20:08:46 UTC,2026-06-18 21:16:14 UTC,research,CC-BY-NC,https://www.inaturalist.org/observations/373034400,https://inaturalist-open-data.s3.amazonaws.com/photos/681679253/medium.jpg,,"",,1,0,false,,"Manatee County, FL, USA",27.5134611583,-82.660007885,,,,,,,open,false,,,Great Blue Heron,Ardea herodias,Great Blue Heron,Aves,4956,
373034404,1c510727-ef38-4583-b065-f61c68fc370e,2023/05/28 12:00 PM,2023-05-28,2023-05-28 16:00:00 UTC,Eastern Time (US & Canada),10417077,robcarr52,RobCarr,2026-06-18 20:08:46 UTC,2026-06-19 04:10:46 UTC,research,CC-BY-NC,https://www.inaturalist.org/observations/373034404,https://inaturalist-open-data.s3.amazonaws.com/photos/681679302/medium.jpg,,"",,2,0,false,,"Manatee County, FL, USA",27.5134611583,-82.660007885,,,,,,,,false,,,Osprey,Pandion haliaetus,Osprey,Aves,116999,
373034407,a6d5c0ff-7de4-4e3b-9392-d2ac79acb9d3,2023/05/28 12:02 PM,2023-05-28,2023-05-28 16:02:00 UTC,Eastern Time (US & Canada),10417077,robcarr52,RobCarr,2026-06-18 20:08:47 UTC,2026-06-18 21:16:06 UTC,research,CC-BY-NC,https://www.inaturalist.org/observations/373034407,https://inaturalist-open-data.s3.amazonaws.com/photos/681679321/medium.jpg,,"",,1,0,false,,"Manatee County, FL, USA",27.5134611583,-82.660007885,,,,,,,open,false,,,Anhinga,Anhinga anhinga,Anhinga,Aves,5063,
373034429,15c41464-455e-4f6e-9f8c-fad3c368920e,2023/05/28 12:25 PM,2023-05-28,2023-05-28 16:25:00 UTC,Eastern Time (US & Canada),10417077,robcarr52,RobCarr,2026-06-18 20:08:49 UTC,2026-06-18 20:12:55 UTC,research,CC-BY-NC,https://www.inaturalist.org/observations/373034429,https://inaturalist-open-data.s3.amazonaws.com/photos/681679750/medium.jpg,,"",,1,0,false,,"Manatee County, FL, USA",27.5134611583,-82.660007885,,,,,,,open,false,,,Red-shouldered Hawk,Buteo lineatus,Red-shouldered Hawk,Aves,5206,
373034432,bc0bd17e-cdbc-4cc6-a57e-ce0ad68eb47d,2023/05/28 12:26 PM,2023-05-28,2023-05-28 16:26:00 UTC,Eastern Time (US & Canada),10417077,robcarr52,RobCarr,2026-06-18 20:08:50 UTC,2026-06-18 20:12:54 UTC,research,CC-BY-NC,https://www.inaturalist.org/observations/373034432,https://inaturalist-open-data.s3.amazonaws.com/photos/681679926/medium.jpg,,"",,1,0,false,,"Manatee County, FL, USA",27.5134611583,-82.660007885,,,,,,,open,false,,,Red-shouldered Hawk,Buteo lineatus,Red-shouldered Hawk,Aves,5206,
373034433,13ebd801-5f29-4916-8cc3-f2eb98998746,2023/05/28 12:30 PM,2023-05-28,2023-05-28 16:30:00 UTC,Eastern Time (US & Canada),10417077,robcarr52,RobCarr,2026-06-18 20:08:50 UTC,2026-06-18 20:12:54 UTC,research,CC-BY-NC,https://www.inaturalist.org/observations/373034433,https://inaturalist-open-data.s3.amazonaws.com/photos/681679927/medium.jpg,,"",,1,0,false,,"Manatee County, FL, USA",27.5134611583,-82.660007885,,,,,,,open,false,,,Red-shouldered Hawk,Buteo lineatus,Red-shouldered Hawk,Aves,5206,
373034436,a0859fbd-fa07-4eb9-b682-81939f7e04b6,2025/03/03 11:10 AM,2025-03-03,2025-03-03 16:10:00 UTC,Eastern Time (US & Canada),10417077,robcarr52,RobCarr,2026-06-18 20:08:50 UTC,2026-06-18 22:05:50 UTC,research,CC-BY-NC,https://www.inaturalist.org/observations/373034436,https://inaturalist-open-data.s3.amazonaws.com/photos/681679976/medium.jpg,,"",,1,0,false,,"Manatee County, FL, USA",27.5134611583,-82.660007885,,,,,,,open,false,,,Mallard,Anas platyrhynchos,Mallard,Aves,6930,
373034437,52644e28-7862-4ead-b805-a61243e8159a,2025/03/03 11:10 AM,2025-03-03,2025-03-03 16:10:00 UTC,Eastern Time (US & Canada),10417077,robcarr52,RobCarr,2026-06-18 20:08:50 UTC,2026-06-18 20:47:33 UTC,research,CC-BY-NC,https://www.inaturalist.org/observations/373034437,https://inaturalist-open-data.s3.amazonaws.com/photos/681679984/medium.jpg,,"",,1,0,false,,"Manatee County, FL, USA",27.5134611583,-82.660007885,,,,,,,open,false,,,Double-crested Cormorant,Nannopterum auritum,Double-crested Cormorant,Aves,1454382,
373034439,dcafed4f-9ce2-4e34-bc39-51bdbbf2639e,2025/03/03 11:10 AM,2025-03-03,2025-03-03 16:10:00 UTC,Eastern Time (US & Canada),10417077,robcarr52,RobCarr,2026-06-18 20:08:51 UTC,2026-06-18 22:05:45 UTC,research,CC-BY-NC,https://www.inaturalist.org/observations/373034439,https://inaturalist-open-data.s3.amazonaws.com/photos/681680022/medium.jpg,,"",,1,0,false,,"Manatee County, FL, USA",27.5134611583,-82.660007885,,,,,,,open,false,,,Mallard,Anas platyrhynchos,Mallard,Aves,6930,
373034443,33af3b88-4139-4aaf-a25c-d26baa084e47,2025/03/03 11:10 AM,2025-03-03,2025-03-03 16:10:00 UTC,Eastern Time (US & Canada),10417077,robcarr52,RobCarr,2026-06-18 20:08:51 UTC,2026-06-18 22:05:42 UTC,research,CC-BY-NC,https://www.inaturalist.org/observations/373034443,https://inaturalist-open-data.s3.amazonaws.com/photos/681680018/medium.jpg,,"",,1,0,false,,"Manatee County, FL, USA",27.5134611583,-82.660007885,,,,,,,open,false,,,Mallard,Anas platyrhynchos,Mallard,Aves,6930,
373034445,8409edac-270c-4833-bf95-066d3ecddaf3,2025/03/03 11:11 AM,2025-03-03,2025-03-03 16:11:00 UTC,Eastern Time (US & Canada),10417077,robcarr52,RobCarr,2026-06-18 20:08:52 UTC,2026-06-18 20:47:32 UTC,research,CC-BY-NC,https://www.inaturalist.org/observations/373034445,https://inaturalist-open-data.s3.amazonaws.com/photos/681680035/medium.jpg,,"",,1,0,false,,"Manatee County, FL, USA",27.5134611583,-82.660007885,,,,,,,open,false,,,White Ibis,Eudocimus albus,White Ibis,Aves,3751,
373034449,f3ebd893-5975-4979-a7d9-e240bd7eeb65,2025/03/03 11:17 AM,2025-03-03,2025-03-03 16:17:00 UTC,Eastern Time (US & Canada),10417077,robcarr52,RobCarr,2026-06-18 20:08:52 UTC,2026-06-18 21:16:00 UTC,research,CC-BY-NC,https://www.inaturalist.org/observations/373034449,https://inaturalist-open-data.s3.amazonaws.com/photos/681680052/medium.jpg,,"",,1,0,false,,"Manatee County, FL, USA",27.5134611583,-82.660007885,,,,,,,open,false,,,European Starling,Sturnus vulgaris,European Starling,Aves,14850,
373034450,dbfba05e-cd2f-4024-a36f-51109d840c86,2025/03/03 11:27 AM,2025-03-03,2025-03-03 16:27:00 UTC,Eastern Time (US & Canada),10417077,robcarr52,RobCarr,2026-06-18 20:08:53 UTC,2026-06-18 21:15:48 UTC,research,CC-BY-NC,https://www.inaturalist.org/observations/373034450,https://inaturalist-open-data.s3.amazonaws.com/photos/681680068/medium.jpg,,"",,1,0,false,,"Manatee County, FL, USA",27.5134611583,-82.660007885,,,,,,,open,false,,,Double-crested Cormorant,Nannopterum auritum,Double-crested Cormorant,Aves,1454382,
373034451,71769d5c-8990-4437-8331-3f478d94a51e,2025/03/03 11:27 AM,2025-03-03,2025-03-03 16:27:00 UTC,Eastern Time (US & Canada),10417077,robcarr52,RobCarr,2026-06-18 20:08:53 UTC,2026-06-18 21:15:55 UTC,research,CC-BY-NC,https://www.inaturalist.org/observations/373034451,https://inaturalist-open-data.s3.amazonaws.com/photos/681680059/medium.jpg,,"",,1,0,false,,"Manatee County, FL, USA",27.5134611583,-82.660007885,,,,,,,open,false,,,Double-crested Cormorant,Nannopterum auritum,Double-crested Cormorant,Aves,1454382,
373034458,facfa980-d5cf-4edd-9b8f-f7b88e7e3d00,2025/03/03 11:32 AM,2025-03-03,2025-03-03 16:32:00 UTC,Eastern Time (US & Canada),10417077,robcarr52,RobCarr,2026-06-18 20:08:54 UTC,2026-06-18 20:13:03 UTC,research,CC-BY-NC,https://www.inaturalist.org/observations/373034458,https://inaturalist-open-data.s3.amazonaws.com/photos/681680085/medium.jpg,,"",,1,0,false,,"Manatee County, FL, USA",27.5134611583,-82.660007885,,,,,,,,false,,,Cooper's Hawk,Astur cooperii,Cooper's Hawk,Aves,1579017,
373034459,ff5a4da8-8194-4338-899c-925033259186,2025/03/03 11:38 AM,2025-03-03,2025-03-03 16:38:00 UTC,Eastern Time (US & Canada),10417077,robcarr52,RobCarr,2026-06-18 20:08:54 UTC,2026-06-18 21:15:43 UTC,research,CC-BY-NC,https://www.inaturalist.org/observations/373034459,https://inaturalist-open-data.s3.amazonaws.com/photos/681680090/medium.jpg,,"",,1,0,false,,"Manatee County, FL, USA",27.5134611583,-82.660007885,,,,,,,open,false,,,Tricolored Heron,Egretta tricolor,Tricolored Heron,Aves,4938,
373034461,214eed56-72a8-4cde-a0b8-2f44ce4f6ce2,2025/03/03 11:42 AM,2025-03-03,2025-03-03 16:42:00 UTC,Eastern Time (US & Canada),10417077,robcarr52,RobCarr,2026-06-18 20:08:54 UTC,2026-06-18 20:45:00 UTC,research,CC-BY-NC,https://www.inaturalist.org/observations/373034461,https://inaturalist-open-data.s3.amazonaws.com/photos/681680115/medium.jpg,,"",,1,0,false,,"Manatee County, FL, USA",27.5134611583,-82.660007885,,,,,,,open,false,,,Anhinga,Anhinga anhinga,Anhinga,Aves,5063,
373034466,a9b280ed-a939-4b30-9c15-43f4f9f7d897,2025/03/03 11:45 AM,2025-03-03,2025-03-03 16:45:00 UTC,Eastern Time (US & Canada),10417077,robcarr52,RobCarr,2026-06-18 20:08:55 UTC,2026-06-18 20:37:04 UTC,research,CC-BY-NC,https://www.inaturalist.org/observations/373034466,https://inaturalist-open-data.s3.amazonaws.com/photos/681680149/medium.jpg,,"",,1,0,false,,"Manatee County, FL, USA",27.5134611583,-82.660007885,,,,,,,open,false,,,Great White Pelican,Pelecanus onocrotalus,Great White Pelican,Aves,4327,
373034467,681a4410-596a-451c-8533-7c83ad153c88,2025/03/03 11:46 AM,2025-03-03,2025-03-03 16:46:00 UTC,Eastern Time (US & Canada),10417077,robcarr52,RobCarr,2026-06-18 20:08:55 UTC,2026-06-18 21:15:38 UTC,research,CC-BY-NC,https://www.inaturalist.org/observations/373034467,https://inaturalist-open-data.s3.amazonaws.com/photos/681680157/medium.jpg,,"",,1,0,false,,"Manatee County, FL, USA",27.5134611583,-82.660007885,,,,,,,open,false,,,Double-crested Cormorant,Nannopterum auritum,Double-crested Cormorant,Aves,1454382,
373034468,f1ee8842-7117-4679-bf02-bb4b9d668ee8,2025/03/03 11:44 AM,2025-03-03,2025-03-03 16:44:00 UTC,Eastern Time (US & Canada),10417077,robcarr52,RobCarr,2026-06-18 20:08:55 UTC,2026-06-18 20:37:03 UTC,research,CC-BY-NC,https://www.inaturalist.org/observations/373034468,https://inaturalist-open-data.s3.amazonaws.com/photos/681680133/medium.jpg,,"",,1,0,false,,"Manatee County, FL, USA",27.5134611583,-82.660007885,,,,,,,open,false,,,Great White Pelican,Pelecanus onocrotalus,Great White Pelican,Aves,4327,
373034473,b2bb8a7e-5a2e-40e4-a901-02867e533cbb,2025/03/03 11:53 AM,2025-03-03,2025-03-03 16:53:00 UTC,Eastern Time (US & Canada),10417077,robcarr52,RobCarr,2026-06-18 20:08:56 UTC,2026-06-18 20:37:38 UTC,research,CC-BY-NC,https://www.inaturalist.org/observations/373034473,https://inaturalist-open-data.s3.amazonaws.com/photos/681680194/medium.jpg,,"",,1,0,false,,"Manatee County, FL, USA",27.5134611583,-82.660007885,,,,,,,open,false,,,Blue Jay,Cyanocitta cristata,Blue Jay,Aves,8229,
373034475,1ebee418-a7e7-4ad0-a76e-455880135afc,2025/03/03 12:00 PM,2025-03-03,2025-03-03 17:00:00 UTC,Eastern Time (US & Canada),10417077,robcarr52,RobCarr,2026-06-18 20:08:56 UTC,2026-06-18 20:37:36 UTC,research,CC-BY-NC,https://www.inaturalist.org/observations/373034475,https://inaturalist-open-data.s3.amazonaws.com/photos/681680206/medium.jpg,,"",,1,0,false,,"Manatee County, FL, USA",27.5134611583,-82.660007885,,,,,,,open,false,,,Great Blue Heron,Ardea herodias,Great Blue Heron,Aves,4956,
373034477,26156837-ab0c-46f9-99ad-304a582b1458,2025/03/03 12:01 PM,2025-03-03,2025-03-03 17:01:00 UTC,Eastern Time (US & Canada),10417077,robcarr52,RobCarr,2026-06-18 20:08:56 UTC,2026-06-18 20:08:56 UTC,needs_id,CC-BY-NC,https://www.inaturalist.org/observations/373034477,https://inaturalist-open-data.s3.amazonaws.com/photos/681680209/medium.jpg,,"",,0,0,false,,"Manatee County, FL, USA",27.5134611583,-82.660007885,,,,,,,,false,,,Sliders,Trachemys,Sliders,Reptilia,39776,
373034482,ad8d6dc4-895b-4cde-b366-3a4dd54116d9,2025/03/03 12:02 PM,2025-03-03,2025-03-03 17:02:00 UTC,Eastern Time (US & Canada),10417077,robcarr52,RobCarr,2026-06-18 20:08:57 UTC,2026-06-18 23:28:15 UTC,research,CC-BY-NC,https://www.inaturalist.org/observations/373034482,https://inaturalist-open-data.s3.amazonaws.com/photos/681680249/medium.jpg,,"",,1,0,false,,"Manatee County, FL, USA",27.5134611583,-82.660007885,,,,,,,open,false,,,Great Egret,Ardea alba,Great Egret,Aves,144455,
373034483,dfffec5d-0a9c-4acd-ba09-4c0fc84e9c73,2025/03/03 12:10 PM,2025-03-03,2025-03-03 17:10:00 UTC,Eastern Time (US & Canada),10417077,robcarr52,RobCarr,2026-06-18 20:08:57 UTC,2026-06-18 23:54:26 UTC,research,CC-BY-NC,https://www.inaturalist.org/observations/373034483,https://inaturalist-open-data.s3.amazonaws.com/photos/681680258/medium.jpg,,"",,4,0,false,,"Manatee County, FL, USA",27.5134611583,-82.660007885,,,,,,,open,false,,,Great Horned Owl,Bubo virginianus,Great Horned Owl,Aves,20044,
373034484,8fa5999d-d93c-4cd3-8b92-86b668f34ac8,2025/03/03 12:13 PM,2025-03-03,2025-03-03 17:13:00 UTC,Eastern Time (US & Canada),10417077,robcarr52,RobCarr,2026-06-18 20:08:57 UTC,2026-06-18 21:15:18 UTC,research,CC-BY-NC,https://www.inaturalist.org/observations/373034484,https://inaturalist-open-data.s3.amazonaws.com/photos/681680270/medium.jpg,,"",,1,0,false,,"Manatee County, FL, USA",27.5134611583,-82.660007885,,,,,,,open,false,,,Mourning Dove,Zenaida macroura,Mourning Dove,Aves,3454,
373034489,26aabc4a-184d-4983-897e-0b1dd060457b,2025/03/22 7:08 AM,2025-03-22,2025-03-22 11:08:00 UTC,Eastern Time (US & Canada),10417077,robcarr52,RobCarr,2026-06-18 20:08:58 UTC,2026-06-18 20:37:08 UTC,research,CC-BY-NC,https://www.inaturalist.org/observations/373034489,https://inaturalist-open-data.s3.amazonaws.com/photos/681680290/medium.jpg,,"",,1,0,false,,"Manatee County, FL, USA",27.5134611583,-82.660007885,,,,,,,open,false,,,Yellow-bellied Sapsucker,Sphyrapicus varius,Yellow-bellied Sapsucker,Aves,18463,
373034490,f20549b6-17f7-430f-9e5f-29cea9d202a7,2025/03/22 7:15 AM,2025-03-22,2025-03-22 11:15:00 UTC,Eastern Time (US & Canada),10417077,robcarr52,RobCarr,2026-06-18 20:08:58 UTC,2026-06-18 20:37:10 UTC,research,CC-BY-NC,https://www.inaturalist.org/observations/373034490,https://inaturalist-open-data.s3.amazonaws.com/photos/681680318/medium.jpg,,"",,1,0,false,,"Manatee County, FL, USA",27.5134611583,-82.660007885,,,,,,,open,false,,,Northern Mockingbird,Mimus polyglottos,Northern Mockingbird,Aves,14886,
373034493,7e3836cf-c054-46d3-b8f7-318419ab0d1f,2025/03/22 7:17 AM,2025-03-22,2025-03-22 11:17:00 UTC,Eastern Time (US & Canada),10417077,robcarr52,RobCarr,2026-06-18 20:08:58 UTC,2026-06-18 22:57:15 UTC,research,CC-BY-NC,https://www.inaturalist.org/observations/373034493,https://inaturalist-open-data.s3.amazonaws.com/photos/681680320/medium.jpg,,"",,2,0,false,,"Manatee County, FL, USA",27.5134611583,-82.660007885,,,,,,,open,false,,,Tricolored Heron,Egretta tricolor,Tricolored Heron,Aves,4938,
373034497,1b510c07-cfb6-4f9a-8598-26494b4f527e,2025/03/22 7:22 AM,2025-03-22,2025-03-22 11:22:00 UTC,Eastern Time (US & Canada),10417077,robcarr52,RobCarr,2026-06-18 20:08:59 UTC,2026-06-18 22:57:10 UTC,research,CC-BY-NC,https://www.inaturalist.org/observations/373034497,https://inaturalist-open-data.s3.amazonaws.com/photos/681680358/medium.jpg,,"",,2,0,false,,"Manatee County, FL, USA",27.5134611583,-82.660007885,,,,,,,open,false,,,Brown Pelican,Pelecanus occidentalis,Brown Pelican,Aves,4328,
373034498,6dda4882-8116-4d2c-9330-4fc00ef0c5d8,2025/03/22 7:19 AM,2025-03-22,2025-03-22 11:19:00 UTC,Eastern Time (US & Canada),10417077,robcarr52,RobCarr,2026-06-18 20:08:59 UTC,2026-06-18 22:57:08 UTC,research,CC-BY-NC,https://www.inaturalist.org/observations/373034498,https://inaturalist-open-data.s3.amazonaws.com/photos/681680339/medium.jpg,,"",,2,0,false,,"Manatee County, FL, USA",27.5134611583,-82.660007885,,,,,,,open,false,,,Great Egret,Ardea alba,Great Egret,Aves,144455,
373034500,2720aba2-60b6-4d3f-ba64-2e60609154c3,2025/03/22 7:28 AM,2025-03-22,2025-03-22 11:28:00 UTC,Eastern Time (US & Canada),10417077,robcarr52,RobCarr,2026-06-18 20:08:59 UTC,2026-06-18 21:15:04 UTC,research,CC-BY-NC,https://www.inaturalist.org/observations/373034500,https://inaturalist-open-data.s3.amazonaws.com/photos/681680357/medium.jpg,,"",,1,0,false,,"Manatee County, FL, USA",27.5134611583,-82.660007885,,,,,,,open,false,,,Yellow-throated Vireo,Vireo flavifrons,Yellow-throated Vireo,Aves,17365,
373034504,563323ed-6b0f-46d7-8365-580a26048029,2025/03/22 7:30 AM,2025-03-22,2025-03-22 11:30:00 UTC,Eastern Time (US & Canada),10417077,robcarr52,RobCarr,2026-06-18 20:09:00 UTC,2026-06-18 21:13:21 UTC,research,CC-BY-NC,https://www.inaturalist.org/observations/373034504,https://inaturalist-open-data.s3.amazonaws.com/photos/681680390/medium.jpg,,"",,2,0,false,,"Manatee County, FL, USA",27.5134611583,-82.660007885,,,,,,,open,false,,,Wood Duck,Aix sponsa,Wood Duck,Aves,7107,
373034505,b1059638-a007-4462-849c-77b199f19f1a,2025/03/22 7:30 AM,2025-03-22,2025-03-22 11:30:00 UTC,Eastern Time (US & Canada),10417077,robcarr52,RobCarr,2026-06-18 20:09:00 UTC,2026-06-18 22:56:58 UTC,research,CC-BY-NC,https://www.inaturalist.org/observations/373034505,https://inaturalist-open-data.s3.amazonaws.com/photos/681680406/medium.jpg,,"",,2,0,false,,"Manatee County, FL, USA",27.5134611583,-82.660007885,,,,,,,open,false,,,Double-crested Cormorant,Nannopterum auritum,Double-crested Cormorant,Aves,1454382,
373034506,ab78a354-4059-491d-b7a4-68bb47f14718,2025/03/22 7:31 AM,2025-03-22,2025-03-22 11:31:00 UTC,Eastern Time (US & Canada),10417077,robcarr52,RobCarr,2026-06-18 20:09:00 UTC,2026-06-18 21:39:17 UTC,research,CC-BY-NC,https://www.inaturalist.org/observations/373034506,https://inaturalist-open-data.s3.amazonaws.com/photos/681680401/medium.jpg,,"",,2,0,false,,"Manatee County, FL, USA",27.5134611583,-82.660007885,,,,,,,open,false,,,Anhinga,Anhinga anhinga,Anhinga,Aves,5063,
373034511,b0fe5213-7f3e-430e-b3f8-758cf41964ad,2024/04/21 12:08 PM,2024-04-21,2024-04-21 16:08:00 UTC,Eastern Time (US & Canada),10417077,robcarr52,RobCarr,2026-06-18 20:09:02 UTC,2026-06-19 04:09:08 UTC,research,CC-BY-NC,https://www.inaturalist.org/observations/373034511,https://inaturalist-open-data.s3.amazonaws.com/photos/681680435/medium.jpg,,"",,3,0,false,,"Manatee County, FL, USA",27.5134611583,-82.660007885,,,,,,,,false,,,Osprey,Pandion haliaetus,Osprey,Aves,116999,
373034512,9a92ea66-df82-444b-877c-dd372496047a,2024/04/21 12:18 PM,2024-04-21,2024-04-21 16:18:00 UTC,Eastern Time (US & Canada),10417077,robcarr52,RobCarr,2026-06-18 20:09:02 UTC,2026-06-18 21:39:01 UTC,research,CC-BY-NC,https://www.inaturalist.org/observations/373034512,https://inaturalist-open-data.s3.amazonaws.com/photos/681680436/medium.jpg,,"",,2,0,false,,"Manatee County, FL, USA",27.5134611583,-82.660007885,,,,,,,,false,,,Osprey,Pandion haliaetus,Osprey,Aves,116999,
373034513,7a776aa6-22dc-4d44-ba6d-12b5eb31d666,2025/03/22 7:34 AM,2025-03-22,2025-03-22 11:34:00 UTC,Eastern Time (US & Canada),10417077,robcarr52,RobCarr,2026-06-18 20:09:02 UTC,2026-06-18 21:13:28 UTC,research,CC-BY-NC,https://www.inaturalist.org/observations/373034513,https://inaturalist-open-data.s3.amazonaws.com/photos/681680437/medium.jpg,,"",,2,0,false,,"Manatee County, FL, USA",27.5134611583,-82.660007885,,,,,,,open,false,,,Wood Duck,Aix sponsa,Wood Duck,Aves,7107,
373034514,f7e30eb1-086a-4f3e-9aa8-7e92f20ea29f,2025/03/22 7:36 AM,2025-03-22,2025-03-22 11:36:00 UTC,Eastern Time (US & Canada),10417077,robcarr52,RobCarr,2026-06-18 20:09:03 UTC,2026-06-18 21:14:54 UTC,research,CC-BY-NC,https://www.inaturalist.org/observations/373034514,https://inaturalist-open-data.s3.amazonaws.com/photos/681680477/medium.jpg,,"",,1,0,false,,"Manatee County, FL, USA",27.5134611583,-82.660007885,,,,,,,open,false,,,Great Blue Heron,Ardea herodias,Great Blue Heron,Aves,4956,
373034515,bfc8de70-f662-44a3-bd7e-eb119ff249b5,2024/04/21 12:19 PM,2024-04-21,2024-04-21 16:19:00 UTC,Eastern Time (US & Canada),10417077,robcarr52,RobCarr,2026-06-18 20:09:03 UTC,2026-06-18 21:15:00 UTC,research,CC-BY-NC,https://www.inaturalist.org/observations/373034515,https://inaturalist-open-data.s3.amazonaws.com/photos/681680478/medium.jpg,,"",,1,0,false,,"Manatee County, FL, USA",27.5134611583,-82.660007885,,,,,,,open,false,,,Brown-headed Cowbird,Molothrus ater,Brown-headed Cowbird,Aves,10373,
373034516,8bd2a7a5-60a5-418a-8dd4-d145e7366808,2025/03/22 7:39 AM,2025-03-22,2025-03-22 11:39:00 UTC,Eastern Time (US & Canada),10417077,robcarr52,RobCarr,2026-06-18 20:09:03 UTC,2026-06-18 21:13:12 UTC,research,CC-BY-NC,https://www.inaturalist.org/observations/373034516,https://inaturalist-open-data.s3.amazonaws.com/photos/681680474/medium.jpg,,"",,2,0,false,,"Manatee County, FL, USA",27.5134611583,-82.660007885,,,,,,,open,false,,,Wood Duck,Aix sponsa,Wood Duck,Aves,7107,
373034521,dee24d86-a279-4f9b-a350-0fc68d581859,2024/04/21 12:36 PM,2024-04-21,2024-04-21 16:36:00 UTC,Eastern Time (US & Canada),10417077,robcarr52,RobCarr,2026-06-18 20:09:04 UTC,2026-06-18 20:37:13 UTC,research,CC-BY-NC,https://www.inaturalist.org/observations/373034521,https://inaturalist-open-data.s3.amazonaws.com/photos/681680511/medium.jpg,,"",,1,0,false,,"Manatee County, FL, USA",27.5134611583,-82.660007885,,,,,,,open,false,,,Common Gallinule,Gallinula galeata,Common Gallinule,Aves,144479,
373034522,331d1ee7-c820-4af1-93be-4ea91edc5e53,2025/03/22 7:40 AM,2025-03-22,2025-03-22 11:40:00 UTC,Eastern Time (US & Canada),10417077,robcarr52,RobCarr,2026-06-18 20:09:04 UTC,2026-06-18 22:56:40 UTC,research,CC-BY-NC,https://www.inaturalist.org/observations/373034522,https://inaturalist-open-data.s3.amazonaws.com/photos/681680505/medium.jpg,,"",,2,0,false,,"Manatee County, FL, USA",27.5134611583,-82.660007885,,,,,,,open,false,,,Wood Duck,Aix sponsa,Wood Duck,Aves,7107,
373034523,fa26dfdc-b270-4ee8-8609-60654008f355,2024/04/21 12:36 PM,2024-04-21,2024-04-21 16:36:00 UTC,Eastern Time (US & Canada),10417077,robcarr52,RobCarr,2026-06-18 20:09:04 UTC,2026-06-18 20:37:15 UTC,research,CC-BY-NC,https://www.inaturalist.org/observations/373034523,https://inaturalist-open-data.s3.amazonaws.com/photos/681680513/medium.jpg,,"",,1,0,false,,"Manatee County, FL, USA",27.5134611583,-82.660007885,,,,,,,open,false,,,Common Gallinule,Gallinula galeata,Common Gallinule,Aves,144479,
373034526,8d73883b-7b4d-49e6-b4b8-dc64c0d17bf0,2025/03/22 7:42 AM,2025-03-22,2025-03-22 11:42:00 UTC,Eastern Time (US & Canada),10417077,robcarr52,RobCarr,2026-06-18 20:09:05 UTC,2026-06-18 22:56:31 UTC,research,CC-BY-NC,https://www.inaturalist.org/observations/373034526,https://inaturalist-open-data.s3.amazonaws.com/photos/681680561/medium.jpg,,"",,3,0,false,,"Manatee County, FL, USA",27.5134611583,-82.660007885,,,,,,,open,false,,,Wood Duck,Aix sponsa,Wood Duck,Aves,7107,
373034528,b3755c7f-8b07-4cf3-b8bf-56d6510730ad,2025/03/22 7:47 AM,2025-03-22,2025-03-22 11:47:00 UTC,Eastern Time (US & Canada),10417077,robcarr52,RobCarr,2026-06-18 20:09:05 UTC,2026-06-18 20:38:20 UTC,research,CC-BY-NC,https://www.inaturalist.org/observations/373034528,https://inaturalist-open-data.s3.amazonaws.com/photos/681680583/medium.jpg,,"",,1,0,false,,"Manatee County, FL, USA",27.5134611583,-82.660007885,,,,,,,open,false,,,Snowy Egret,Egretta thula,Snowy Egret,Aves,4940,
373034531,1a3d8154-81ec-452a-9b1f-8c7a7cd8558f,2024/04/21 12:43 PM,2024-04-21,2024-04-21 16:43:00 UTC,Eastern Time (US & Canada),10417077,robcarr52,RobCarr,2026-06-18 20:09:06 UTC,2026-06-18 21:14:44 UTC,research,CC-BY-NC,https://www.inaturalist.org/observations/373034531,https://inaturalist-open-data.s3.amazonaws.com/photos/681680608/medium.jpg,,"",,1,0,false,,"Manatee County, FL, USA",27.5134611583,-82.660007885,,,,,,,open,false,,,Northern Mockingbird,Mimus polyglottos,Northern Mockingbird,Aves,14886,
373034533,63cb623d-f066-4f26-9528-e2a59071c894,2025/03/22 8:03 AM,2025-03-22,2025-03-22 12:03:00 UTC,Eastern Time (US & Canada),10417077,robcarr52,RobCarr,2026-06-18 20:09:06 UTC,2026-06-18 21:23:16 UTC,research,CC-BY-NC,https://www.inaturalist.org/observations/373034533,https://inaturalist-open-data.s3.amazonaws.com/photos/681680621/medium.jpg,,"",,2,0,false,,"Manatee County, FL, USA",27.5134611583,-82.660007885,,,,,,,open,false,,,Yellow-rumped Warbler,Setophaga coronata,Yellow-rumped Warbler,Aves,145245,
373034536,3e6b9428-8d32-4f9f-9244-a60f37f97caa,2025/03/22 8:12 AM,2025-03-22,2025-03-22 12:12:00 UTC,Eastern Time (US & Canada),10417077,robcarr52,RobCarr,2026-06-18 20:09:06 UTC,2026-06-18 22:56:18 UTC,research,CC-BY-NC,https://www.inaturalist.org/observations/373034536,https://inaturalist-open-data.s3.amazonaws.com/photos/681680979/medium.jpg,,"",,2,0,false,,"Manatee County, FL, USA",27.5134611583,-82.660007885,,,,,,,open,false,,,White Ibis,Eudocimus albus,White Ibis,Aves,3751,
373034540,8b08c70a-b8b6-4fdc-a80c-57547d3927f3,2025/03/22 8:20 AM,2025-03-22,2025-03-22 12:20:00 UTC,Eastern Time (US & Canada),10417077,robcarr52,RobCarr,2026-06-18 20:09:08 UTC,2026-06-18 21:14:34 UTC,research,CC-BY-NC,https://www.inaturalist.org/observations/373034540,https://inaturalist-open-data.s3.amazonaws.com/photos/681681008/medium.jpg,,"",,1,0,false,,"Manatee County, FL, USA",27.5134611583,-82.660007885,,,,,,,open,false,,,European Starling,Sturnus vulgaris,European Starling,Aves,14850,
373034541,844b7146-1828-4f07-8d5e-aca1270bac51,2025/03/22 8:20 AM,2025-03-22,2025-03-22 12:20:00 UTC,Eastern Time (US & Canada),10417077,robcarr52,RobCarr,2026-06-18 20:09:08 UTC,2026-06-18 22:05:28 UTC,research,CC-BY-NC,https://www.inaturalist.org/observations/373034541,https://inaturalist-open-data.s3.amazonaws.com/photos/681680976/medium.jpg,,"",,1,0,false,,"Manatee County, FL, USA",27.5134611583,-82.660007885,,,,,,,,false,,,Common Grackle,Quiscalus quiscula,Common Grackle,Aves,9602,
373034543,1a1d9e1c-9f20-4625-bd4d-724763718a0b,2025/03/22 8:16 AM,2025-03-22,2025-03-22 12:16:00 UTC,Eastern Time (US & Canada),10417077,robcarr52,RobCarr,2026-06-18 20:09:08 UTC,2026-06-18 21:14:27 UTC,research,CC-BY-NC,https://www.inaturalist.org/observations/373034543,https://inaturalist-open-data.s3.amazonaws.com/photos/681680982/medium.jpg,,"",,1,0,false,,"Manatee County, FL, USA",27.5134611583,-82.660007885,,,,,,,open,false,,,Common Gallinule,Gallinula galeata,Common Gallinule,Aves,144479,
373034552,9cb6650b-d26a-4ded-b260-a7982513ec09,2025/03/22 8:22 AM,2025-03-22,2025-03-22 12:22:00 UTC,Eastern Time (US & Canada),10417077,robcarr52,RobCarr,2026-06-18 20:09:09 UTC,2026-06-18 22:05:17 UTC,research,CC-BY-NC,https://www.inaturalist.org/observations/373034552,https://inaturalist-open-data.s3.amazonaws.com/photos/681681013/medium.jpg,,"",,1,0,false,,"Manatee County, FL, USA",27.5134611583,-82.660007885,,,,,,,open,false,,,American Robin,Turdus migratorius,American Robin,Aves,12727,
373034553,e2562b13-114e-41de-8fa4-01bdb79d2174,2025/03/22 8:24 AM,2025-03-22,2025-03-22 12:24:00 UTC,Eastern Time (US & Canada),10417077,robcarr52,RobCarr,2026-06-18 20:09:09 UTC,2026-06-18 21:14:20 UTC,research,CC-BY-NC,https://www.inaturalist.org/observations/373034553,https://inaturalist-open-data.s3.amazonaws.com/photos/681681025/medium.jpg,,"",,1,0,false,,"Manatee County, FL, USA",27.5134611583,-82.660007885,,,,,,,open,false,,,American Robin,Turdus migratorius,American Robin,Aves,12727,
373034554,a263dc5a-0efd-4d62-806a-7b331144674e,2025/03/22 8:25 AM,2025-03-22,2025-03-22 12:25:00 UTC,Eastern Time (US & Canada),10417077,robcarr52,RobCarr,2026-06-18 20:09:09 UTC,2026-06-18 21:22:48 UTC,research,CC-BY-NC,https://www.inaturalist.org/observations/373034554,https://inaturalist-open-data.s3.amazonaws.com/photos/681681040/medium.jpg,,"",,2,0,false,,"Manatee County, FL, USA",27.5134611583,-82.660007885,,,,,,,open,false,,,Palm Warbler,Setophaga palmarum,Palm Warbler,Aves,145242,
373034561,8ca67602-c7cc-48a6-8f1b-9c5185e46cc0,2025/03/22 8:26 AM,2025-03-22,2025-03-22 12:26:00 UTC,Eastern Time (US & Canada),10417077,robcarr52,RobCarr,2026-06-18 20:09:10 UTC,2026-06-18 21:14:12 UTC,research,CC-BY-NC,https://www.inaturalist.org/observations/373034561,https://inaturalist-open-data.s3.amazonaws.com/photos/681681045/medium.jpg,,"",,1,0,false,,"Manatee County, FL, USA",27.5134611583,-82.660007885,,,,,,,open,false,,,American Robin,Turdus migratorius,American Robin,Aves,12727,
373034563,5a22bd77-61b2-49d6-a1b8-d6846290988f,2025/03/22 8:26 AM,2025-03-22,2025-03-22 12:26:00 UTC,Eastern Time (US & Canada),10417077,robcarr52,RobCarr,2026-06-18 20:09:10 UTC,2026-06-18 20:38:41 UTC,research,CC-BY-NC,https://www.inaturalist.org/observations/373034563,https://inaturalist-open-data.s3.amazonaws.com/photos/681681054/medium.jpg,,"",,1,0,false,,"Manatee County, FL, USA",27.5134611583,-82.660007885,,,,,,,open,false,,,American Robin,Turdus migratorius,American Robin,Aves,12727,
373034564,3f2bca6b-8bef-454a-a668-0e9f4998188b,2025/03/22 8:32 AM,2025-03-22,2025-03-22 12:32:00 UTC,Eastern Time (US & Canada),10417077,robcarr52,RobCarr,2026-06-18 20:09:10 UTC,2026-06-18 21:22:38 UTC,research,CC-BY-NC,https://www.inaturalist.org/observations/373034564,https://inaturalist-open-data.s3.amazonaws.com/photos/681681066/medium.jpg,,"",,2,0,false,,"Manatee County, FL, USA",27.5134611583,-82.660007885,,,,,,,open,false,,,Yellow-rumped Warbler,Setophaga coronata,Yellow-rumped Warbler,Aves,145245,
373034569,4230645c-2cc7-46a8-a74a-059820965b8d,2025/03/22 8:39 AM,2025-03-22,2025-03-22 12:39:00 UTC,Eastern Time (US & Canada),10417077,robcarr52,RobCarr,2026-06-18 20:09:11 UTC,2026-06-18 21:14:05 UTC,research,CC-BY-NC,https://www.inaturalist.org/observations/373034569,https://inaturalist-open-data.s3.amazonaws.com/photos/681681072/medium.jpg,,"",,1,0,false,,"Manatee County, FL, USA",27.5134611583,-82.660007885,,,,,,,open,false,,,Common Gallinule,Gallinula galeata,Common Gallinule,Aves,144479,
373034570,90b68040-39e8-401b-a233-5fe7a356f23a,2025/03/22 8:33 AM,2025-03-22,2025-03-22 12:33:00 UTC,Eastern Time (US & Canada),10417077,robcarr52,RobCarr,2026-06-18 20:09:11 UTC,2026-06-18 21:18:12 UTC,research,CC-BY-NC,https://www.inaturalist.org/observations/373034570,https://inaturalist-open-data.s3.amazonaws.com/photos/681681070/medium.jpg,,"",,2,0,false,,"Manatee County, FL, USA",27.5134611583,-82.660007885,,,,,,,open,false,,,Palm Warbler,Setophaga palmarum,Palm Warbler,Aves,145242,
373034572,e84fcbc3-cb2c-4f54-a6a1-f7096984c847,2025/03/22 8:44 AM,2025-03-22,2025-03-22 12:44:00 UTC,Eastern Time (US & Canada),10417077,robcarr52,RobCarr,2026-06-18 20:09:11 UTC,2026-06-18 20:15:57 UTC,research,CC-BY-NC,https://www.inaturalist.org/observations/373034572,https://inaturalist-open-data.s3.amazonaws.com/photos/681681099/medium.jpg,,"",,1,0,false,,"Manatee County, FL, USA",27.5134611583,-82.660007885,,,,,,,open,false,,,Monarch,Danaus plexippus,Monarch,Insecta,48662,
373034577,e236b32a-6ac4-4b16-96be-d96933fc6c43,2025/03/22 8:47 AM,2025-03-22,2025-03-22 12:47:00 UTC,Eastern Time (US & Canada),10417077,robcarr52,RobCarr,2026-06-18 20:09:13 UTC,2026-06-18 20:15:58 UTC,research,CC-BY-NC,https://www.inaturalist.org/observations/373034577,https://inaturalist-open-data.s3.amazonaws.com/photos/681681097/medium.jpg,,"",,1,0,false,,"Manatee County, FL, USA",27.5134611583,-82.660007885,,,,,,,open,false,,,Monarch,Danaus plexippus,Monarch,Insecta,48662,
373034578,a917a705-9c43-47da-bc9d-7040f8a62fe1,2025/03/22 8:50 AM,2025-03-22,2025-03-22 12:50:00 UTC,Eastern Time (US & Canada),10417077,robcarr52,RobCarr,2026-06-18 20:09:13 UTC,2026-06-18 21:13:59 UTC,research,CC-BY-NC,https://www.inaturalist.org/observations/373034578,https://inaturalist-open-data.s3.amazonaws.com/photos/681681098/medium.jpg,,"",,1,0,false,,"Manatee County, FL, USA",27.5134611583,-82.660007885,,,,,,,open,false,,,Yellow-throated Vireo,Vireo flavifrons,Yellow-throated Vireo,Aves,17365,
373034579,c0c0931b-f041-4914-b34b-6bb46659d205,2025/03/22 8:50 AM,2025-03-22,2025-03-22 12:50:00 UTC,Eastern Time (US & Canada),10417077,robcarr52,RobCarr,2026-06-18 20:09:13 UTC,2026-06-18 22:05:22 UTC,research,CC-BY-NC,https://www.inaturalist.org/observations/373034579,https://inaturalist-open-data.s3.amazonaws.com/photos/681681142/medium.jpg,,"",,1,0,false,,"Manatee County, FL, USA",27.5134611583,-82.660007885,,,,,,,open,false,,,Yellow-throated Vireo,Vireo flavifrons,Yellow-throated Vireo,Aves,17365,
373034588,97f46c74-5d56-4881-8a5a-ebaa8cf8059a,2025/03/22 8:54 AM,2025-03-22,2025-03-22 12:54:00 UTC,Eastern Time (US & Canada),10417077,robcarr52,RobCarr,2026-06-18 20:09:14 UTC,2026-06-18 21:18:36 UTC,research,CC-BY-NC,https://www.inaturalist.org/observations/373034588,https://inaturalist-open-data.s3.amazonaws.com/photos/681681138/medium.jpg,,"",,3,0,false,,"Manatee County, FL, USA",27.5134611583,-82.660007885,,,,,,,open,false,,,Northern Parula,Setophaga americana,Northern Parula,Aves,145233,
373034589,e3f21c45-5055-422d-b1d6-f0cf8782b292,2025/03/22 8:54 AM,2025-03-22,2025-03-22 12:54:00 UTC,Eastern Time (US & Canada),10417077,robcarr52,RobCarr,2026-06-18 20:09:14 UTC,2026-06-18 21:18:40 UTC,research,CC-BY-NC,https://www.inaturalist.org/observations/373034589,https://inaturalist-open-data.s3.amazonaws.com/photos/681681144/medium.jpg,,"",,3,0,false,,"Manatee County, FL, USA",27.5134611583,-82.660007885,,,,,,,open,false,,,Northern Parula,Setophaga americana,Northern Parula,Aves,145233,
373034590,b471dc32-41f9-4e49-8e03-8fe8dbdd1c45,2025/03/22 9:00 AM,2025-03-22,2025-03-22 13:00:00 UTC,Eastern Time (US & Canada),10417077,robcarr52,RobCarr,2026-06-18 20:09:14 UTC,2026-06-19 04:08:48 UTC,research,CC-BY-NC,https://www.inaturalist.org/observations/373034590,https://inaturalist-open-data.s3.amazonaws.com/photos/681681174/medium.jpg,,"",,3,0,false,,"Manatee County, FL, USA",27.5134611583,-82.660007885,,,,,,,,false,,,Osprey,Pandion haliaetus,Osprey,Aves,116999,
373034596,6887bf8f-d4c0-4c88-99b1-db3995f2dfb6,2025/03/22 9:01 AM,2025-03-22,2025-03-22 13:01:00 UTC,Eastern Time (US & Canada),10417077,robcarr52,RobCarr,2026-06-18 20:09:15 UTC,2026-06-18 23:02:24 UTC,research,CC-BY-NC,https://www.inaturalist.org/observations/373034596,https://inaturalist-open-data.s3.amazonaws.com/photos/681681193/medium.jpg,,"",,2,0,false,,"Manatee County, FL, USA",27.5134611583,-82.660007885,,,,,,,open,false,,,Roseate Spoonbill,Platalea ajaja,Roseate Spoonbill,Aves,62529,
373034597,f1953be5-88ad-4b9a-a11d-d3b561fb0dbd,2023/09/29 8:35 AM,2023-09-29,2023-09-29 12:35:00 UTC,Eastern Time (US & Canada),10417077,robcarr52,RobCarr,2026-06-18 20:09:15 UTC,2026-06-18 23:02:29 UTC,research,CC-BY-NC,https://www.inaturalist.org/observations/373034597,https://inaturalist-open-data.s3.amazonaws.com/photos/681681194/medium.jpg,,"",,2,0,false,,"Manatee County, FL, USA",27.5134611583,-82.660007885,,,,,,,open,false,,,Common Gallinule,Gallinula galeata,Common Gallinule,Aves,144479,
373034601,08f84c19-6ee4-4ee6-8e5b-e2dedde98f73,2023/09/29 8:45 AM,2023-09-29,2023-09-29 12:45:00 UTC,Eastern Time (US & Canada),10417077,robcarr52,RobCarr,2026-06-18 20:09:15 UTC,2026-06-18 22:05:02 UTC,research,CC-BY-NC,https://www.inaturalist.org/observations/373034601,https://inaturalist-open-data.s3.amazonaws.com/photos/681681229/medium.jpg,,"",,1,0,false,,"Manatee County, FL, USA",27.5134611583,-82.660007885,,,,,,,,false,,,Common Grackle,Quiscalus quiscula,Common Grackle,Aves,9602,
373034603,a25852e7-0d40-4e72-ace9-774121ffda17,2023/09/29 8:48 AM,2023-09-29,2023-09-29 12:48:00 UTC,Eastern Time (US & Canada),10417077,robcarr52,RobCarr,2026-06-18 20:09:16 UTC,2026-06-18 23:02:18 UTC,research,CC-BY-NC,https://www.inaturalist.org/observations/373034603,https://inaturalist-open-data.s3.amazonaws.com/photos/681681234/medium.jpg,,"",,2,0,false,,"Manatee County, FL, USA",27.5134611583,-82.660007885,,,,,,,open,false,,,Pileated Woodpecker,Dryocopus pileatus,Pileated Woodpecker,Aves,17855,
373034609,faf50531-bc54-4f84-a3e7-acf16ed8a49e,2023/09/29 8:51 AM,2023-09-29,2023-09-29 12:51:00 UTC,Eastern Time (US & Canada),10417077,robcarr52,RobCarr,2026-06-18 20:09:16 UTC,2026-06-18 20:36:42 UTC,research,CC-BY-NC,https://www.inaturalist.org/observations/373034609,https://inaturalist-open-data.s3.amazonaws.com/photos/681681235/medium.jpg,,"",,1,0,false,,"Manatee County, FL, USA",27.5134611583,-82.660007885,,,,,,,open,false,,,Red-bellied Woodpecker,Melanerpes carolinus,Red-bellied Woodpecker,Aves,18205,
373034611,9b14ec18-6d94-4503-a405-a14ff7bfd589,2023/09/29 8:55 AM,2023-09-29,2023-09-29 12:55:00 UTC,Eastern Time (US & Canada),10417077,robcarr52,RobCarr,2026-06-18 20:09:17 UTC,2026-06-18 21:13:42 UTC,research,CC-BY-NC,https://www.inaturalist.org/observations/373034611,https://inaturalist-open-data.s3.amazonaws.com/photos/681681271/medium.jpg,,"",,1,0,false,,"Manatee County, FL, USA",27.5134611583,-82.660007885,,,,,,,open,false,,,Little Blue Heron,Egretta caerulea,Little Blue Heron,Aves,4937,
373034612,96025487-1995-4e4c-a6ea-299c92b7af03,2023/09/30 8:51 AM,2023-09-30,2023-09-30 12:51:00 UTC,Eastern Time (US & Canada),10417077,robcarr52,RobCarr,2026-06-18 20:09:17 UTC,2026-06-18 20:36:49 UTC,research,CC-BY-NC,https://www.inaturalist.org/observations/373034612,https://inaturalist-open-data.s3.amazonaws.com/photos/681681284/medium.jpg,,"",,2,0,false,,"Manatee County, FL, USA",27.5134611583,-82.660007885,,,,,,,open,false,,,Anhinga,Anhinga anhinga,Anhinga,Aves,5063,
373034615,020b616c-deb3-40e9-9360-e9392b81049e,2023/09/30 9:25 AM,2023-09-30,2023-09-30 13:25:00 UTC,Eastern Time (US & Canada),10417077,robcarr52,RobCarr,2026-06-18 20:09:18 UTC,2026-06-18 21:37:32 UTC,research,CC-BY-NC,https://www.inaturalist.org/observations/373034615,https://inaturalist-open-data.s3.amazonaws.com/photos/681681308/medium.jpg,,"",,3,0,false,,"Manatee County, FL, USA",27.5134611583,-82.660007885,,,,,,,open,false,,,Pileated Woodpecker,Dryocopus pileatus,Pileated Woodpecker,Aves,17855,
373034616,e06bdea5-2f67-4bc2-bd1d-d99e12585c73,2023/09/30 9:34 AM,2023-09-30,2023-09-30 13:34:00 UTC,Eastern Time (US & Canada),10417077,robcarr52,RobCarr,2026-06-18 20:09:18 UTC,2026-06-18 20:09:18 UTC,needs_id,CC-BY-NC,https://www.inaturalist.org/observations/373034616,https://inaturalist-open-data.s3.amazonaws.com/photos/681681311/medium.jpg,,"",,0,0,false,,"Manatee County, FL, USA",27.5134611583,-82.660007885,,,,,,,open,false,,,Mottled Duck,Anas fulvigula,Mottled Duck,Aves,6948,
373034617,1da3246a-be67-42fa-a8a9-0a72b5f91fd5,2023/09/30 9:34 AM,2023-09-30,2023-09-30 13:34:00 UTC,Eastern Time (US & Canada),10417077,robcarr52,RobCarr,2026-06-18 20:09:18 UTC,2026-06-18 23:02:04 UTC,research,CC-BY-NC,https://www.inaturalist.org/observations/373034617,https://inaturalist-open-data.s3.amazonaws.com/photos/681681324/medium.jpg,,"",,2,0,false,,"Manatee County, FL, USA",27.5134611583,-82.660007885,,,,,,,open,false,,,White Ibis,Eudocimus albus,White Ibis,Aves,3751,
373034619,976b5479-4aa9-4b68-b6e4-b788778cb6c7,2023/09/30 9:47 AM,2023-09-30,2023-09-30 13:47:00 UTC,Eastern Time (US & Canada),10417077,robcarr52,RobCarr,2026-06-18 20:09:19 UTC,2026-06-18 20:36:39 UTC,research,CC-BY-NC,https://www.inaturalist.org/observations/373034619,https://inaturalist-open-data.s3.amazonaws.com/photos/681681337/medium.jpg,,"",,2,0,false,,"Manatee County, FL, USA",27.5134611583,-82.660007885,,,,,,,open,false,,,Common Gallinule,Gallinula galeata,Common Gallinule,Aves,144479,
373034620,8a600585-c569-4422-9027-9c8818d8b410,2025/04/06 9:54 AM,2025-04-06,2025-04-06 13:54:00 UTC,Eastern Time (US & Canada),10417077,robcarr52,RobCarr,2026-06-18 20:09:19 UTC,2026-06-18 20:36:13 UTC,research,CC-BY-NC,https://www.inaturalist.org/observations/373034620,https://inaturalist-open-data.s3.amazonaws.com/photos/681681352/medium.jpg,,"",,1,0,false,,"Manatee County, FL, USA",27.5134611583,-82.660007885,,,,,,,open,false,,,White Ibis,Eudocimus albus,White Ibis,Aves,3751,
373034622,543b3798-a6e3-427e-9f26-eb88aa9fbd22,2025/04/06 9:55 AM,2025-04-06,2025-04-06 13:55:00 UTC,Eastern Time (US & Canada),10417077,robcarr52,RobCarr,2026-06-18 20:09:19 UTC,2026-06-18 21:37:16 UTC,research,CC-BY-NC,https://www.inaturalist.org/observations/373034622,https://inaturalist-open-data.s3.amazonaws.com/photos/681681371/medium.jpg,,"",,3,0,false,,"Manatee County, FL, USA",27.5134611583,-82.660007885,,,,,,,open,false,,,White Ibis,Eudocimus albus,White Ibis,Aves,3751,
373034624,ec707521-32ee-4a33-a6e6-81b1d2331239,2025/04/06 9:59 AM,2025-04-06,2025-04-06 13:59:00 UTC,Eastern Time (US & Canada),10417077,robcarr52,RobCarr,2026-06-18 20:09:20 UTC,2026-06-18 22:30:50 UTC,research,CC-BY-NC,https://www.inaturalist.org/observations/373034624,https://inaturalist-open-data.s3.amazonaws.com/photos/681681375/medium.jpg,,"",,2,0,false,,"Manatee County, FL, USA",27.5134611583,-82.660007885,,,,,,,open,false,,,Great Crested Flycatcher,Myiarchus crinitus,Great Crested Flycatcher,Aves,16028,
373034625,bfd5bda3-31d1-499d-b00b-02db77e4a5ec,2025/04/06 9:59 AM,2025-04-06,2025-04-06 13:59:00 UTC,Eastern Time (US & Canada),10417077,robcarr52,RobCarr,2026-06-18 20:09:20 UTC,2026-06-18 22:31:07 UTC,research,CC-BY-NC,https://www.inaturalist.org/observations/373034625,https://inaturalist-open-data.s3.amazonaws.com/photos/681681382/medium.jpg,,"",,2,0,false,,"Manatee County, FL, USA",27.5134611583,-82.660007885,,,,,,,open,false,,,Great Crested Flycatcher,Myiarchus crinitus,Great Crested Flycatcher,Aves,16028,
373034626,8ea8db75-7517-402f-bd6d-94aa938b7070,2025/04/06 10:03 AM,2025-04-06,2025-04-06 14:03:00 UTC,Eastern Time (US & Canada),10417077,robcarr52,RobCarr,2026-06-18 20:09:20 UTC,2026-06-18 22:55:48 UTC,research,CC-BY-NC,https://www.inaturalist.org/observations/373034626,https://inaturalist-open-data.s3.amazonaws.com/photos/681681402/medium.jpg,,"",,2,0,false,,"Manatee County, FL, USA",27.5134611583,-82.660007885,,,,,,,open,false,,,Red-bellied Woodpecker,Melanerpes carolinus,Red-bellied Woodpecker,Aves,18205,
373034629,a8d9fc84-7ecc-47af-936b-713fc66ed2f0,2025/04/06 10:05 AM,2025-04-06,2025-04-06 14:05:00 UTC,Eastern Time (US & Canada),10417077,robcarr52,RobCarr,2026-06-18 20:09:21 UTC,2026-06-18 22:55:51 UTC,research,CC-BY-NC,https://www.inaturalist.org/observations/373034629,https://inaturalist-open-data.s3.amazonaws.com/photos/681681413/medium.jpg,,"",,2,0,false,,"Manatee County, FL, USA",27.5134611583,-82.660007885,,,,,,,open,false,,,Great Blue Heron,Ardea herodias,Great Blue Heron,Aves,4956,
373034630,f36e5a7a-6db3-424d-bc62-b19c164cbd3e,2025/04/06 10:08 AM,2025-04-06,2025-04-06 14:08:00 UTC,Eastern Time (US & Canada),10417077,robcarr52,RobCarr,2026-06-18 20:09:21 UTC,2026-06-19 04:11:19 UTC,research,CC-BY-NC,https://www.inaturalist.org/observations/373034630,https://inaturalist-open-data.s3.amazonaws.com/photos/681681411/medium.jpg,,"",,2,0,false,,"Manatee County, FL, USA",27.5134611583,-82.660007885,,,,,,,open,false,,,Mourning Dove,Zenaida macroura,Mourning Dove,Aves,3454,
373034632,827b3c7e-6b60-44df-899b-28e970c08aa2,2025/04/06 10:13 AM,2025-04-06,2025-04-06 14:13:00 UTC,Eastern Time (US & Canada),10417077,robcarr52,RobCarr,2026-06-18 20:09:21 UTC,2026-06-18 21:13:33 UTC,research,CC-BY-NC,https://www.inaturalist.org/observations/373034632,https://inaturalist-open-data.s3.amazonaws.com/photos/681681455/medium.jpg,,"",,1,0,false,,"Manatee County, FL, USA",27.5134611583,-82.660007885,,,,,,,,false,,,Common Grackle,Quiscalus quiscula,Common Grackle,Aves,9602,
373034642,f8a9fdcd-794d-4077-9339-430923324b06,2025/04/27 9:09 AM,2025-04-27,2025-04-27 13:09:00 UTC,Eastern Time (US & Canada),10417077,robcarr52,RobCarr,2026-06-18 20:09:22 UTC,2026-06-18 20:09:22 UTC,needs_id,CC-BY-NC,https://www.inaturalist.org/observations/373034642,https://inaturalist-open-data.s3.amazonaws.com/photos/681681468/medium.jpg,,"",,0,0,false,,"Manatee County, FL, USA",27.5134611583,-82.660007885,,,,,,,,false,,,Cooters,Pseudemys,Cooters,Reptilia,39820,
373034643,b137b908-3792-4f1e-8858-84d89c05e61f,2025/04/27 9:11 AM,2025-04-27,2025-04-27 13:11:00 UTC,Eastern Time (US & Canada),10417077,robcarr52,RobCarr,2026-06-18 20:09:22 UTC,2026-06-18 20:09:22 UTC,needs_id,CC-BY-NC,https://www.inaturalist.org/observations/373034643,https://inaturalist-open-data.s3.amazonaws.com/photos/681681472/medium.jpg,,"",,0,0,false,,"Manatee County, FL, USA",27.5134611583,-82.660007885,,,,,,,open,false,,,Mottled Duck,Anas fulvigula,Mottled Duck,Aves,6948,
373034644,2b0894f7-026d-49bb-a0d5-994dacdcd7ae,2025/04/27 9:11 AM,2025-04-27,2025-04-27 13:11:00 UTC,Eastern Time (US & Canada),10417077,robcarr52,RobCarr,2026-06-18 20:09:22 UTC,2026-06-18 20:09:22 UTC,needs_id,CC-BY-NC,https://www.inaturalist.org/observations/373034644,https://inaturalist-open-data.s3.amazonaws.com/photos/681681484/medium.jpg,,"",,0,0,false,,"Manatee County, FL, USA",27.5134611583,-82.660007885,,,,,,,open,false,,,Mottled Duck,Anas fulvigula,Mottled Duck,Aves,6948,
373034652,24580dae-5861-44af-a4ff-1ccdbf6c9571,2025/04/27 9:12 AM,2025-04-27,2025-04-27 13:12:00 UTC,Eastern Time (US & Canada),10417077,robcarr52,RobCarr,2026-06-18 20:09:23 UTC,2026-06-18 22:55:38 UTC,research,CC-BY-NC,https://www.inaturalist.org/observations/373034652,https://inaturalist-open-data.s3.amazonaws.com/photos/681681498/medium.jpg,,"",,2,0,false,,"Manatee County, FL, USA",27.5134611583,-82.660007885,,,,,,,open,false,,,White Ibis,Eudocimus albus,White Ibis,Aves,3751,
373034653,59320704-255e-49bf-bc18-d571ec22d16a,2025/04/27 9:15 AM,2025-04-27,2025-04-27 13:15:00 UTC,Eastern Time (US & Canada),10417077,robcarr52,RobCarr,2026-06-18 20:09:23 UTC,2026-06-18 20:09:23 UTC,needs_id,CC-BY-NC,https://www.inaturalist.org/observations/373034653,https://inaturalist-open-data.s3.amazonaws.com/photos/681681506/medium.jpg,,"",,0,0,false,,"Manatee County, FL, USA",27.5134611583,-82.660007885,,,,,,,open,false,,,Mottled Duck,Anas fulvigula,Mottled Duck,Aves,6948,
373034655,37674ad8-0c78-4d95-a66c-f579f200bb58,2025/04/27 9:31 AM,2025-04-27,2025-04-27 13:31:00 UTC,Eastern Time (US & Canada),10417077,robcarr52,RobCarr,2026-06-18 20:09:23 UTC,2026-06-18 22:55:42 UTC,research,CC-BY-NC,https://www.inaturalist.org/observations/373034655,https://inaturalist-open-data.s3.amazonaws.com/photos/681681848/medium.jpg,,"",,2,0,false,,"Manatee County, FL, USA",27.5134611583,-82.660007885,,,,,,,open,false,,,Anhinga,Anhinga anhinga,Anhinga,Aves,5063,
373034658,f2ab23af-e594-434a-828a-4bf63c50b83b,2025/04/27 9:38 AM,2025-04-27,2025-04-27 13:38:00 UTC,Eastern Time (US & Canada),10417077,robcarr52,RobCarr,2026-06-18 20:09:24 UTC,2026-06-18 21:52:48 UTC,research,CC-BY-NC,https://www.inaturalist.org/observations/373034658,https://inaturalist-open-data.s3.amazonaws.com/photos/681681849/medium.jpg,,"",,1,0,false,,"Manatee County, FL, USA",27.5134611583,-82.660007885,,,,,,,open,false,,,Mallard,Anas platyrhynchos,Mallard,Aves,6930,
373034659,98b56dc2-5c2e-4395-831c-3eb832043429,2025/04/27 9:39 AM,2025-04-27,2025-04-27 13:39:00 UTC,Eastern Time (US & Canada),10417077,robcarr52,RobCarr,2026-06-18 20:09:24 UTC,2026-06-18 20:09:24 UTC,needs_id,CC-BY-NC,https://www.inaturalist.org/observations/373034659,https://inaturalist-open-data.s3.amazonaws.com/photos/681681828/medium.jpg,,"",,0,0,false,,"Manatee County, FL, USA",27.5134611583,-82.660007885,,,,,,,open,false,,,Bobolink,Dolichonyx oryzivorus,Bobolink,Aves,10487,
373034661,c20c9f03-d4e8-4458-9275-76ab2348898e,2025/04/27 9:41 AM,2025-04-27,2025-04-27 13:41:00 UTC,Eastern Time (US & Canada),10417077,robcarr52,RobCarr,2026-06-18 20:09:24 UTC,2026-06-18 20:09:24 UTC,needs_id,CC-BY-NC,https://www.inaturalist.org/observations/373034661,https://inaturalist-open-data.s3.amazonaws.com/photos/681681871/medium.jpg,,"",,0,0,false,,"Manatee County, FL, USA",27.5134611583,-82.660007885,,,,,,,open,false,,,Bobolink,Dolichonyx oryzivorus,Bobolink,Aves,10487,
373034666,ffea5615-97cb-4d84-80e8-5fa3daf49f4b,2025/04/27 9:46 AM,2025-04-27,2025-04-27 13:46:00 UTC,Eastern Time (US & Canada),10417077,robcarr52,RobCarr,2026-06-18 20:09:25 UTC,2026-06-18 21:13:11 UTC,research,CC-BY-NC,https://www.inaturalist.org/observations/373034666,https://inaturalist-open-data.s3.amazonaws.com/photos/681681895/medium.jpg,,"",,1,0,false,,"Manatee County, FL, USA",27.5134611583,-82.660007885,,,,,,,open,false,,,Great Blue Heron,Ardea herodias,Great Blue Heron,Aves,4956,
373034667,9cf48719-28fc-4053-ba5f-18fb0c4e72c7,2025/04/27 9:58 AM,2025-04-27,2025-04-27 13:58:00 UTC,Eastern Time (US & Canada),10417077,robcarr52,RobCarr,2026-06-18 20:09:25 UTC,2026-06-19 01:40:29 UTC,needs_id,CC-BY-NC,https://www.inaturalist.org/observations/373034667,https://inaturalist-open-data.s3.amazonaws.com/photos/681681894/medium.jpg,,"",,1,0,false,,"Manatee County, FL, USA",27.5134611583,-82.660007885,,,,,,,open,false,,,Bobolink,Dolichonyx oryzivorus,Bobolink,Aves,10487,
373034668,6645285f-ee62-4dc4-ad9d-6c0e6602ae02,2025/04/27 9:59 AM,2025-04-27,2025-04-27 13:59:00 UTC,Eastern Time (US & Canada),10417077,robcarr52,RobCarr,2026-06-18 20:09:25 UTC,2026-06-18 20:09:25 UTC,needs_id,CC-BY-NC,https://www.inaturalist.org/observations/373034668,https://inaturalist-open-data.s3.amazonaws.com/photos/681681899/medium.jpg,,"",,0,0,false,,"Manatee County, FL, USA",27.5134611583,-82.660007885,,,,,,,open,false,,,Bobolink,Dolichonyx oryzivorus,Bobolink,Aves,10487,
373034671,ecfc1b21-9a82-44db-bda5-f30e321cc664,2025/04/27 10:04 AM,2025-04-27,2025-04-27 14:04:00 UTC,Eastern Time (US & Canada),10417077,robcarr52,RobCarr,2026-06-18 20:09:26 UTC,2026-06-18 21:18:07 UTC,research,CC-BY-NC,https://www.inaturalist.org/observations/373034671,https://inaturalist-open-data.s3.amazonaws.com/photos/681681923/medium.jpg,,"",,2,0,false,,"Manatee County, FL, USA",27.5134611583,-82.660007885,,,,,,,open,false,,,Cape May Warbler,Setophaga tigrina,Cape May Warbler,Aves,145231,
373034672,c6935119-c864-4638-89dd-8eaf05ad036f,2025/04/27 10:09 AM,2025-04-27,2025-04-27 14:09:00 UTC,Eastern Time (US & Canada),10417077,robcarr52,RobCarr,2026-06-18 20:09:26 UTC,2026-06-18 22:24:46 UTC,needs_id,CC-BY-NC,https://www.inaturalist.org/observations/373034672,https://inaturalist-open-data.s3.amazonaws.com/photos/681681933/medium.jpg,,"",,3,0,false,,"Manatee County, FL, USA",27.5134611583,-82.660007885,,,,,,,open,false,,,Setophaga Warblers,Setophaga,Setophaga Warblers,Aves,10246,
373034673,76758487-a26a-4533-a062-5d8ab7125c43,2025/04/27 10:10 AM,2025-04-27,2025-04-27 14:10:00 UTC,Eastern Time (US & Canada),10417077,robcarr52,RobCarr,2026-06-18 20:09:26 UTC,2026-06-18 21:22:42 UTC,research,CC-BY-NC,https://www.inaturalist.org/observations/373034673,https://inaturalist-open-data.s3.amazonaws.com/photos/681681939/medium.jpg,,"",,2,0,false,,"Manatee County, FL, USA",27.5134611583,-82.660007885,,,,,,,open,false,,,Cape May Warbler,Setophaga tigrina,Cape May Warbler,Aves,145231,
373034677,98227c07-6e38-4a91-bde9-47eb7f485f4e,2025/04/27 10:10 AM,2025-04-27,2025-04-27 14:10:00 UTC,Eastern Time (US & Canada),10417077,robcarr52,RobCarr,2026-06-18 20:09:27 UTC,2026-06-18 21:22:45 UTC,research,CC-BY-NC,https://www.inaturalist.org/observations/373034677,https://inaturalist-open-data.s3.amazonaws.com/photos/681681959/medium.jpg,,"",,2,0,false,,"Manatee County, FL, USA",27.5134611583,-82.660007885,,,,,,,open,false,,,Cape May Warbler,Setophaga tigrina,Cape May Warbler,Aves,145231,
373034678,b0c686e0-2777-4279-8624-88ed0899857e,2025/04/27 10:11 AM,2025-04-27,2025-04-27 14:11:00 UTC,Eastern Time (US & Canada),10417077,robcarr52,RobCarr,2026-06-18 20:09:27 UTC,2026-06-18 21:17:53 UTC,research,CC-BY-NC,https://www.inaturalist.org/observations/373034678,https://inaturalist-open-data.s3.amazonaws.com/photos/681681957/medium.jpg,,"",,2,0,false,,"Manatee County, FL, USA",27.5134611583,-82.660007885,,,,,,,open,false,,,Cape May Warbler,Setophaga tigrina,Cape May Warbler,Aves,145231,
373034679,e0224952-9b2a-4823-b999-b3d20e8bfd65,2025/04/28 11:08 AM,2025-04-28,2025-04-28 15:08:00 UTC,Eastern Time (US & Canada),10417077,robcarr52,RobCarr,2026-06-18 20:09:27 UTC,2026-06-18 20:35:46 UTC,research,CC-BY-NC,https://www.inaturalist.org/observations/373034679,https://inaturalist-open-data.s3.amazonaws.com/photos/681681979/medium.jpg,,"",,1,0,false,,"Manatee County, FL, USA",27.5134611583,-82.660007885,,,,,,,open,false,,,Common Gallinule,Gallinula galeata,Common Gallinule,Aves,144479,
373034683,a9946824-dd94-4c0a-9100-1fcba65fa866,2025/04/28 11:32 AM,2025-04-28,2025-04-28 15:32:00 UTC,Eastern Time (US & Canada),10417077,robcarr52,RobCarr,2026-06-18 20:09:29 UTC,2026-06-18 20:47:21 UTC,research,CC-BY-NC,https://www.inaturalist.org/observations/373034683,https://inaturalist-open-data.s3.amazonaws.com/photos/681681995/medium.jpg,,"",,1,0,false,,"Manatee County, FL, USA",27.5134611583,-82.660007885,,,,,,,open,false,,,Northern Mockingbird,Mimus polyglottos,Northern Mockingbird,Aves,14886,
373034684,80ac0aea-ab72-4394-8126-e3ff4df82ded,2025/04/28 11:43 AM,2025-04-28,2025-04-28 15:43:00 UTC,Eastern Time (US & Canada),10417077,robcarr52,RobCarr,2026-06-18 20:09:29 UTC,2026-06-18 20:09:29 UTC,needs_id,CC-BY-NC,https://www.inaturalist.org/observations/373034684,https://inaturalist-open-data.s3.amazonaws.com/photos/681681994/medium.jpg,,"",,0,0,false,,"Manatee County, FL, USA",27.5134611583,-82.660007885,,,,,,,open,false,,,Bobolink,Dolichonyx oryzivorus,Bobolink,Aves,10487,
373034686,3dfe7165-ce40-418a-aab2-f0f218aa3413,2025/04/28 11:43 AM,2025-04-28,2025-04-28 15:43:00 UTC,Eastern Time (US & Canada),10417077,robcarr52,RobCarr,2026-06-18 20:09:29 UTC,2026-06-18 20:09:29 UTC,needs_id,CC-BY-NC,https://www.inaturalist.org/observations/373034686,https://inaturalist-open-data.s3.amazonaws.com/photos/681682015/medium.jpg,,"",,0,0,false,,"Manatee County, FL, USA",27.5134611583,-82.660007885,,,,,,,open,false,,,Bobolink,Dolichonyx oryzivorus,Bobolink,Aves,10487,
373034689,67b7f6ed-7dbc-47c6-b7f4-2c9d8491bea3,2025/04/28 11:51 AM,2025-04-28,2025-04-28 15:51:00 UTC,Eastern Time (US & Canada),10417077,robcarr52,RobCarr,2026-06-18 20:09:30 UTC,2026-06-18 20:09:30 UTC,needs_id,CC-BY-NC,https://www.inaturalist.org/observations/373034689,https://inaturalist-open-data.s3.amazonaws.com/photos/681682028/medium.jpg,,"",,0,0,false,,"Manatee County, FL, USA",27.5134611583,-82.660007885,,,,,,,open,false,,,Bobolink,Dolichonyx oryzivorus,Bobolink,Aves,10487,
373034690,6ca06fee-9c63-4fdb-8459-834993af522a,2025/04/28 11:51 AM,2025-04-28,2025-04-28 15:51:00 UTC,Eastern Time (US & Canada),10417077,robcarr52,RobCarr,2026-06-18 20:09:30 UTC,2026-06-18 20:43:08 UTC,needs_id,CC-BY-NC,https://www.inaturalist.org/observations/373034690,https://inaturalist-open-data.s3.amazonaws.com/photos/681682023/medium.jpg,,"",,0,0,false,,"Manatee County, FL, USA",27.5134611583,-82.660007885,,,,,,,open,false,,,Bobolink,Dolichonyx oryzivorus,Bobolink,Aves,10487,
373034691,c80cdd80-6f65-40db-bb6b-2339fa67039b,2025/04/28 11:51 AM,2025-04-28,2025-04-28 15:51:00 UTC,Eastern Time (US & Canada),10417077,robcarr52,RobCarr,2026-06-18 20:09:30 UTC,2026-06-18 22:01:32 UTC,needs_id,CC-BY-NC,https://www.inaturalist.org/observations/373034691,https://inaturalist-open-data.s3.amazonaws.com/photos/681682049/medium.jpg,,"",,0,0,false,,"Manatee County, FL, USA",27.5134611583,-82.660007885,,,,,,,open,false,,,Bobolink,Dolichonyx oryzivorus,Bobolink,Aves,10487,
373034693,3e024bcc-29b5-4dfa-9c7e-3c70a645f75d,2025/04/28 11:53 AM,2025-04-28,2025-04-28 15:53:00 UTC,Eastern Time (US & Canada),10417077,robcarr52,RobCarr,2026-06-18 20:09:31 UTC,2026-06-18 22:01:04 UTC,research,CC-BY-NC,https://www.inaturalist.org/observations/373034693,https://inaturalist-open-data.s3.amazonaws.com/photos/681682051/medium.jpg,,"",,1,0,false,,"Manatee County, FL, USA",27.5134611583,-82.660007885,,,,,,,open,false,,,Bobolink,Dolichonyx oryzivorus,Bobolink,Aves,10487,
373034694,3d8055ff-d57f-44ab-b235-38916278b4db,2025/04/28 11:59 AM,2025-04-28,2025-04-28 15:59:00 UTC,Eastern Time (US & Canada),10417077,robcarr52,RobCarr,2026-06-18 20:09:31 UTC,2026-06-18 20:35:48 UTC,research,CC-BY-NC,https://www.inaturalist.org/observations/373034694,https://inaturalist-open-data.s3.amazonaws.com/photos/681682059/medium.jpg,,"",,2,0,false,,"Manatee County, FL, USA",27.5134611583,-82.660007885,,,,,,,open,false,,,Little Blue Heron,Egretta caerulea,Little Blue Heron,Aves,4937,
373034695,0df83acc-84e0-4432-93a7-92c52b46b17a,2025/04/30 7:06 AM,2025-04-30,2025-04-30 11:06:00 UTC,Eastern Time (US & Canada),10417077,robcarr52,RobCarr,2026-06-18 20:09:31 UTC,2026-06-18 21:43:24 UTC,research,CC-BY-NC,https://www.inaturalist.org/observations/373034695,https://inaturalist-open-data.s3.amazonaws.com/photos/681682083/medium.jpg,,"",,3,0,false,,"Manatee County, FL, USA",27.5134611583,-82.660007885,,,,,,,open,false,,,Wood Duck,Aix sponsa,Wood Duck,Aves,7107,
373034699,4f9c66c0-4477-456e-8f01-285d3fae922f,2025/04/30 7:54 AM,2025-04-30,2025-04-30 11:54:00 UTC,Eastern Time (US & Canada),10417077,robcarr52,RobCarr,2026-06-18 20:09:32 UTC,2026-06-18 22:00:58 UTC,research,CC-BY-NC,https://www.inaturalist.org/observations/373034699,https://inaturalist-open-data.s3.amazonaws.com/photos/681682081/medium.jpg,,"",,1,0,false,,"Manatee County, FL, USA",27.5134611583,-82.660007885,,,,,,,open,false,,,Great Crested Flycatcher,Myiarchus crinitus,Great Crested Flycatcher,Aves,16028,
373034700,98fc309c-4ff7-4266-9224-b1c6e56ab8cf,2025/04/30 7:54 AM,2025-04-30,2025-04-30 11:54:00 UTC,Eastern Time (US & Canada),10417077,robcarr52,RobCarr,2026-06-18 20:09:32 UTC,2026-06-18 22:08:33 UTC,research,CC-BY-NC,https://www.inaturalist.org/observations/373034700,https://inaturalist-open-data.s3.amazonaws.com/photos/681682099/medium.jpg,,"",,2,0,false,,"Manatee County, FL, USA",27.5134611583,-82.660007885,,,,,,,open,false,,,Great Crested Flycatcher,Myiarchus crinitus,Great Crested Flycatcher,Aves,16028,
373034701,46bf03fc-77c8-445f-9949-db51a476d541,2025/04/30 7:54 AM,2025-04-30,2025-04-30 11:54:00 UTC,Eastern Time (US & Canada),10417077,robcarr52,RobCarr,2026-06-18 20:09:32 UTC,2026-06-18 23:01:53 UTC,research,CC-BY-NC,https://www.inaturalist.org/observations/373034701,https://inaturalist-open-data.s3.amazonaws.com/photos/681682125/medium.jpg,,"",,2,0,false,,"Manatee County, FL, USA",27.5134611583,-82.660007885,,,,,,,open,false,,,Red-bellied Woodpecker,Melanerpes carolinus,Red-bellied Woodpecker,Aves,18205,
373034703,a8c8b9f1-788e-4c98-9ae3-735404d45e76,2025/04/30 7:55 AM,2025-04-30,2025-04-30 11:55:00 UTC,Eastern Time (US & Canada),10417077,robcarr52,RobCarr,2026-06-18 20:09:33 UTC,2026-06-18 22:08:21 UTC,research,CC-BY-NC,https://www.inaturalist.org/observations/373034703,https://inaturalist-open-data.s3.amazonaws.com/photos/681682120/medium.jpg,,"",,2,0,false,,"Manatee County, FL, USA",27.5134611583,-82.660007885,,,,,,,open,false,,,Great Crested Flycatcher,Myiarchus crinitus,Great Crested Flycatcher,Aves,16028,
373034704,cf0aed74-c69e-4ff1-85ac-2f7c81d50a5e,2025/04/30 8:05 AM,2025-04-30,2025-04-30 12:05:00 UTC,Eastern Time (US & Canada),10417077,robcarr52,RobCarr,2026-06-18 20:09:33 UTC,2026-06-18 21:12:34 UTC,research,CC-BY-NC,https://www.inaturalist.org/observations/373034704,https://inaturalist-open-data.s3.amazonaws.com/photos/681682128/medium.jpg,,"",,2,0,false,,"Manatee County, FL, USA",27.5134611583,-82.660007885,,,,,,,open,false,,,Wood Duck,Aix sponsa,Wood Duck,Aves,7107,
373034705,63175b11-929f-46b7-b716-4961535917df,2025/05/17 7:31 AM,2025-05-17,2025-05-17 11:31:00 UTC,Eastern Time (US & Canada),10417077,robcarr52,RobCarr,2026-06-18 20:09:33 UTC,2026-06-18 20:09:33 UTC,needs_id,CC-BY-NC,https://www.inaturalist.org/observations/373034705,https://inaturalist-open-data.s3.amazonaws.com/photos/681682194/medium.jpg,,"",,0,0,false,,"Manatee County, FL, USA",27.5134611583,-82.660007885,,,,,,,open,false,,,Mottled Duck,Anas fulvigula,Mottled Duck,Aves,6948,
373034708,77613a66-909c-4ce4-a243-90461dfe9416,2025/05/17 7:33 AM,2025-05-17,2025-05-17 11:33:00 UTC,Eastern Time (US & Canada),10417077,robcarr52,RobCarr,2026-06-18 20:09:34 UTC,2026-06-18 23:01:46 UTC,research,CC-BY-NC,https://www.inaturalist.org/observations/373034708,https://inaturalist-open-data.s3.amazonaws.com/photos/681682192/medium.jpg,,"",,2,0,false,,"Manatee County, FL, USA",27.5134611583,-82.660007885,,,,,,,open,false,,,Great Blue Heron,Ardea herodias,Great Blue Heron,Aves,4956,
373034710,e1d68944-59b3-49a5-baff-1e6b7e75b60a,2025/05/17 7:42 AM,2025-05-17,2025-05-17 11:42:00 UTC,Eastern Time (US & Canada),10417077,robcarr52,RobCarr,2026-06-18 20:09:34 UTC,2026-06-18 23:47:56 UTC,research,CC-BY-NC,https://www.inaturalist.org/observations/373034710,https://inaturalist-open-data.s3.amazonaws.com/photos/681682189/medium.jpg,,"",,4,1,false,,"Manatee County, FL, USA",27.5134611583,-82.660007885,,,,,,,open,false,,,Eastern Screech-Owl,Megascops asio,Eastern Screech-Owl,Aves,19765,
373034711,5df87536-f324-46e2-bede-41f1abe3af1e,2025/05/17 7:50 AM,2025-05-17,2025-05-17 11:50:00 UTC,Eastern Time (US & Canada),10417077,robcarr52,RobCarr,2026-06-18 20:09:34 UTC,2026-06-18 21:34:39 UTC,research,CC-BY-NC,https://www.inaturalist.org/observations/373034711,https://inaturalist-open-data.s3.amazonaws.com/photos/681682268/medium.jpg,,"",,2,0,false,,"Manatee County, FL, USA",27.5134611583,-82.660007885,,,,,,,open,false,,,Wood Duck,Aix sponsa,Wood Duck,Aves,7107,
373034713,513d1448-f496-4d2e-8c01-043287ac3942,2025/05/17 7:55 AM,2025-05-17,2025-05-17 11:55:00 UTC,Eastern Time (US & Canada),10417077,robcarr52,RobCarr,2026-06-18 20:09:35 UTC,2026-06-18 21:36:02 UTC,research,CC-BY-NC,https://www.inaturalist.org/observations/373034713,https://inaturalist-open-data.s3.amazonaws.com/photos/681682274/medium.jpg,,"",,3,0,false,,"Manatee County, FL, USA",27.5134611583,-82.660007885,,,,,,,open,false,,,Wood Duck,Aix sponsa,Wood Duck,Aves,7107,
373034714,35f9ae83-9bda-45e8-881e-9d117a45a54a,2025/05/17 8:00 AM,2025-05-17,2025-05-17 12:00:00 UTC,Eastern Time (US & Canada),10417077,robcarr52,RobCarr,2026-06-18 20:09:35 UTC,2026-06-18 21:12:09 UTC,research,CC-BY-NC,https://www.inaturalist.org/observations/373034714,https://inaturalist-open-data.s3.amazonaws.com/photos/681682267/medium.jpg,,"",,2,0,false,,"Manatee County, FL, USA",27.5134611583,-82.660007885,,,,,,,open,false,,,Wood Duck,Aix sponsa,Wood Duck,Aves,7107,
373034715,033da650-b27d-45e4-8b18-bbc24525c689,2025/05/17 8:04 AM,2025-05-17,2025-05-17 12:04:00 UTC,Eastern Time (US & Canada),10417077,robcarr52,RobCarr,2026-06-18 20:09:35 UTC,2026-06-18 21:34:52 UTC,research,CC-BY-NC,https://www.inaturalist.org/observations/373034715,https://inaturalist-open-data.s3.amazonaws.com/photos/681682311/medium.jpg,,"",,2,0,false,,"Manatee County, FL, USA",27.5134611583,-82.660007885,,,,,,,open,false,,,Common Gallinule,Gallinula galeata,Common Gallinule,Aves,144479,
373034718,3c3d1420-6aef-41fb-8bf5-046981c516d8,2025/05/17 8:06 AM,2025-05-17,2025-05-17 12:06:00 UTC,Eastern Time (US & Canada),10417077,robcarr52,RobCarr,2026-06-18 20:09:36 UTC,2026-06-18 21:34:38 UTC,research,CC-BY-NC,https://www.inaturalist.org/observations/373034718,https://inaturalist-open-data.s3.amazonaws.com/photos/681682312/medium.jpg,,"",,2,0,false,,"Manatee County, FL, USA",27.5134611583,-82.660007885,,,,,,,open,false,,,Red-shouldered Hawk,Buteo lineatus,Red-shouldered Hawk,Aves,5206,
373034719,696db553-f04f-4fdd-b2c0-20fa9a9cab0f,2025/05/17 8:06 AM,2025-05-17,2025-05-17 12:06:00 UTC,Eastern Time (US & Canada),10417077,robcarr52,RobCarr,2026-06-18 20:09:36 UTC,2026-06-18 21:34:27 UTC,research,CC-BY-NC,https://www.inaturalist.org/observations/373034719,https://inaturalist-open-data.s3.amazonaws.com/photos/681682319/medium.jpg,,"",,2,0,false,,"Manatee County, FL, USA",27.5134611583,-82.660007885,,,,,,,open,false,,,Common Gallinule,Gallinula galeata,Common Gallinule,Aves,144479,
373034720,52bd4498-ffe8-4a88-a7ff-7744ed6e86da,2025/05/17 8:13 AM,2025-05-17,2025-05-17 12:13:00 UTC,Eastern Time (US & Canada),10417077,robcarr52,RobCarr,2026-06-18 20:09:36 UTC,2026-06-18 20:09:36 UTC,needs_id,CC-BY-NC,https://www.inaturalist.org/observations/373034720,https://inaturalist-open-data.s3.amazonaws.com/photos/681682349/medium.jpg,,"",,0,0,false,,"Manatee County, FL, USA",27.5134611583,-82.660007885,,,,,,,,false,,,Cooters,Pseudemys,Cooters,Reptilia,39820,
373034722,e16339a0-41b8-4722-9392-0f90f7d81c26,2025/05/17 8:14 AM,2025-05-17,2025-05-17 12:14:00 UTC,Eastern Time (US & Canada),10417077,robcarr52,RobCarr,2026-06-18 20:09:37 UTC,2026-06-18 21:34:01 UTC,research,CC-BY-NC,https://www.inaturalist.org/observations/373034722,https://inaturalist-open-data.s3.amazonaws.com/photos/681682344/medium.jpg,,"",,2,0,false,,"Manatee County, FL, USA",27.5134611583,-82.660007885,,,,,,,open,false,,,White Ibis,Eudocimus albus,White Ibis,Aves,3751,
